,locus_tag,gene,start_position,start_codon,pos_from_annot_start,in_frame,strand,peak,nr_peaks_Hör,peak_found_Hör,peak_meydan,peak_found_meydan
0,b0002,thrA,337,GTG,6,out_of_frame,1,60.2105,4,True,59.74770617,True
1,b0004,thrC,3734,ATG,135,in_frame,1,28.9322,2,True,0.0,False
2,b0007,yaaJ,7959,ATC,41,out_of_frame,-1,5.9566300000000005,1,False,0.0,False
3,b0010,satP,10494,ATT,-14,out_of_frame,-1,17.9299,3,True,0.0,False
4,b0011,yaaW,11356,CTG,15,out_of_frame,-1,15.1435,5,True,0.0,False
5,b0020,nhaR,18715,ATC,-13,out_of_frame,1,124.566,5,True,0.0,False
6,b0023,rpsT,21078,TTG,-14,out_of_frame,-1,6.019019999999999,3,True,0.0,False
7,b0031,dapB,28374,ATG,4,out_of_frame,1,8.48035,1,False,0.0,False
8,b0032,carA,29651,CTG,-12,out_of_frame,1,25.9256,5,True,0.0,False
9,b0039,caiA,40386,TTG,-7,out_of_frame,-1,23.5745,1,False,0.0,False
10,b0039,caiA,40386,ATT,10,out_of_frame,-1,16.1085,1,False,0.0,False
11,b0041,fixA,42403,ATT,-15,out_of_frame,1,45.9511,2,True,0.0,False
12,b0054,lptD,57109,ATC,-8,out_of_frame,-1,10.7787,2,True,0.0,False
13,b0058,rluA,60346,ATG,6,out_of_frame,-1,20.4502,3,True,0.0,False
14,b0066,thiQ,72927,CTG,9,out_of_frame,-1,6.39521,2,True,0.0,False
15,b0074,leuA,83529,ATG,111,in_frame,-1,7.14772,5,True,0.0,False
16,b0076,leuO,84368,GTG,-12,out_of_frame,1,31.6196,5,True,0.0,False
17,b0080,cra,88028,CTG,6,out_of_frame,1,6.30333,3,True,0.0,False
18,b0103,coaE,113219,TTG,31,out_of_frame,-1,15.0334,2,True,0.0,False
19,b0113,pdhR,122092,ATG,37,out_of_frame,1,19.938,3,True,0.0,False
20,b0121,speE,136464,ATC,-8,out_of_frame,-1,44.1395,1,False,0.0,False
21,b0128,yadH,143702,ATC,7,out_of_frame,1,142.954,5,True,6.50315169,True
22,b0136,yadK,151599,CTG,21,out_of_frame,-1,9.502239999999999,2,True,0.0,False
23,b0136,yadK,151599,ATG,109,out_of_frame,-1,7.8746100000000006,3,True,0.0,False
24,b0140,yadV,156201,GTG,124,out_of_frame,-1,63.118,5,True,0.0,False
25,b0144,gluQ,160112,ATG,30,out_of_frame,-1,49.6386,2,True,0.0,False
26,b0149,mrcB,164730,ATG,135,in_frame,1,38.6462,5,True,11.38051546,True
27,b0152,fhuD,170575,CTG,120,in_frame,1,14.9403,4,True,0.0,False
28,b0153,fhuB,171462,ATC,-14,out_of_frame,1,12.1148,3,True,0.0,False
29,b0164,yaeI,185069,TTG,-15,out_of_frame,-1,11.6302,4,True,0.0,False
30,b0168,map,189506,ATG,39,out_of_frame,-1,8.00423,3,True,0.0,False
31,b0170,tsf,190857,CTG,33,out_of_frame,1,7.20525,1,False,0.0,False
32,b0170,tsf,190857,CTG,78,out_of_frame,1,8.3592,1,False,0.0,False
33,b0172,frr,192872,ATT,-9,out_of_frame,1,43.1363,3,True,61.98316456,True
34,b0178,skp,200482,GTG,8,out_of_frame,1,91.4666,4,True,9.14505707,True
35,b0183,rnhB,204493,CTG,30,out_of_frame,1,14.5377,3,True,0.0,False
36,b0185,accA,208621,ATG,109,out_of_frame,1,40.6885,4,True,0.0,False
37,b0189,rof,213932,ATG,-6,out_of_frame,-1,7.8746100000000006,4,True,0.0,False
38,b0193,yaeF,217003,ATG,-14,out_of_frame,-1,5.45165,1,False,0.0,False
39,b0200,gmhB,222833,TTG,85,out_of_frame,1,262.144,4,True,0.0,False
40,b0218,yafU,239102,ATT,15,out_of_frame,-1,13.6897,5,True,0.0,False
41,b0218,yafU,239102,CTG,36,out_of_frame,-1,11.7062,5,True,0.0,False
42,b0218,yafU,239102,TTG,49,out_of_frame,-1,8.6015,1,False,0.0,False
43,b0220,ivy,240343,ATG,27,out_of_frame,1,166.699,5,True,80.88294916,True
44,b0225,yafQ,246239,ATG,43,out_of_frame,-1,104.055,3,True,0.0,False
45,b0227,yafL,246712,CTG,42,out_of_frame,1,8.20433,5,True,0.0,False
46,b0228,rayT,247637,ATG,38,out_of_frame,1,177.84799999999998,2,True,0.0,False
47,b0232,yafN,252005,ATC,-8,out_of_frame,1,5.517440000000001,2,True,0.0,False
48,b0233,yafO,252301,TTG,52,out_of_frame,1,106.085,3,True,0.0,False
49,b0235,ykfJ,253479,ATG,-7,out_of_frame,1,8.36764,1,False,0.0,False
50,b0247,ykfG,264732,CTG,-19,out_of_frame,-1,8.08399,2,True,0.0,False
51,b0266,yagB,280735,GTG,69,out_of_frame,-1,23.6999,3,True,0.0,False
52,b0267,yagA,281983,ATG,36,in_frame,-1,182.674,4,True,0.0,False
53,b0276,yagJ,291404,ATG,123,in_frame,1,9.20486,2,True,0.0,False
54,b0276,yagJ,291404,CTG,129,in_frame,1,16.355,1,False,0.0,False
55,b0278,yagL,293918,GTG,120,in_frame,-1,43.6379,1,False,0.0,False
56,b0281,intF,297096,ATG,75,in_frame,-1,61.5696,3,True,0.0,False
57,b0284,paoC,300934,TTG,7,out_of_frame,-1,14.0926,3,True,0.0,False
58,b0295,ykgL,312112,ATG,108,out_of_frame,1,24.8353,2,True,0.0,False
59,b0296,ykgM,312777,GTG,97,out_of_frame,-1,56.7943,4,True,0.0,False
60,b0296,ykgM,312777,ATG,112,out_of_frame,-1,26.2078,2,True,0.0,False
61,b0297,eaeH,314357,ATT,-9,out_of_frame,1,7.022189999999999,1,False,0.0,False
62,b0300,ykgA,317169,ATG,33,out_of_frame,-1,210.43599999999998,4,True,0.0,False
63,b0305,rclR,320227,CTG,-5,out_of_frame,1,10.6368,2,True,0.0,False
64,b0310,ykgH,325364,GTG,4,out_of_frame,-1,11.1456,1,False,0.0,False
65,b0310,ykgH,325364,ATC,24,out_of_frame,-1,10.5333,4,True,0.0,False
66,b0312,betB,328733,ATG,9,out_of_frame,-1,8.58273,2,True,0.0,False
67,b0315,yahA,332371,GTG,-8,out_of_frame,1,21.0666,3,True,36.37700477,True
68,b0316,yahB,334433,ATG,126,in_frame,-1,29.0755,3,True,0.0,False
69,b0318,yahD,335280,ATG,-6,out_of_frame,1,32.4236,1,False,0.0,False
70,b0321,yahG,338325,ATG,82,in_frame,1,26.2138,3,True,0.0,False
71,b0327,yahM,345404,ATG,92,out_of_frame,1,7.2038,3,True,0.0,False
72,b0328,yahN,346337,ATG,39,out_of_frame,-1,83.814,4,True,0.0,False
73,b0338,cynR,358690,GTG,132,out_of_frame,-1,31.7879,4,True,0.0,False
74,b0339,cynT,358799,ATT,9,out_of_frame,1,62.0277,5,True,0.0,False
75,b0342,lacA,361860,GTG,-9,out_of_frame,-1,75.1116,5,True,0.0,False
76,b0346,mhpR,368420,ATG,10,out_of_frame,-1,87.2264,1,False,0.0,False
77,b0351,mhpF,372921,CTG,-5,out_of_frame,1,13.4174,1,False,0.0,False
78,b0355,frmB,378368,ATG,74,out_of_frame,-1,13.5628,5,True,0.0,False
79,b0357,frmR,379881,CTG,84,out_of_frame,-1,27.9851,5,True,0.0,False
80,b0367,tauC,386971,ATT,-24,out_of_frame,1,8.964939999999999,2,True,0.0,False
81,b0378,yaiW,397872,GTG,123,out_of_frame,1,44.9237,5,True,0.0,False
82,b0387,yaiI,405764,ATG,34,out_of_frame,1,16.3015,3,True,0.0,False
83,b0389,yaiA,406979,GTG,39,out_of_frame,1,121.39,5,True,0.0,False
84,b0392,ykiA,408609,ATG,40,out_of_frame,1,41.5219,5,True,0.0,False
85,b0392,ykiA,408609,ATG,47,out_of_frame,1,62.9701,2,True,0.0,False
86,b0393,rdgC,410019,ATT,-6,out_of_frame,-1,6.646,1,False,0.0,False
87,b0393,rdgC,410019,GTG,5,out_of_frame,-1,10.7787,2,True,0.0,False
88,b0397,sbcC,415753,ATT,6,out_of_frame,-1,10.3532,2,True,0.0,False
89,b0403,malZ,422518,ATG,7,out_of_frame,1,17.5092,1,False,0.0,False
90,b0404,acpH,424918,ATC,-4,out_of_frame,-1,54.1769,2,True,0.0,False
91,b0407,yajC,427287,ATG,19,out_of_frame,1,21.9443,3,True,0.0,False
92,b0409,secF,429505,GTG,-7,out_of_frame,1,53.9334,4,True,14.63209131,True
93,b0413,nrdR,433002,GTG,126,in_frame,1,8.3592,4,True,0.0,False
94,b0414,ribD,433455,GTG,133,in_frame,1,5.39204,1,False,0.0,False
95,b0429,cyoD,448046,ATG,-14,out_of_frame,-1,21.8189,3,True,0.0,False
96,b0438,clpX,457426,TTG,-7,out_of_frame,1,80.9267,5,True,37.59634572,True
97,b0440,hupB,461451,ATG,118,in_frame,1,174.21099999999998,5,True,0.0,False
98,b0444,queC,465547,GTG,25,out_of_frame,-1,8.26485,4,True,0.0,False
99,b0447,ybaO,468383,CTG,114,in_frame,1,5.8151,1,False,0.0,False
100,b0447,ybaO,468383,CTG,123,in_frame,1,8.1169,5,True,0.0,False
101,b0454,ybaZ,476371,ATG,78,in_frame,-1,5.3305,1,False,0.0,False
102,b0457,ylaB,478617,ATG,-6,out_of_frame,-1,31.3432,2,True,0.0,False
103,b0468,ybaN,490882,CTG,33,in_frame,1,11.9126,3,True,0.0,False
104,b0470,dnaX,492092,CTG,-6,out_of_frame,1,7.147589999999999,3,True,0.0,False
105,b0471,ybaB,494076,CTG,18,out_of_frame,1,9.502239999999999,1,False,0.0,False
106,b0471,ybaB,494076,ATG,60,out_of_frame,1,16.7184,5,True,0.0,False
107,b0474,adk,497175,ATT,-9,out_of_frame,1,6.52061,2,True,36.58022826,True
108,b0479,fsr,504696,ATG,6,out_of_frame,-1,5.10269,1,False,0.0,False
109,b0480,ushA,504914,ATT,5,out_of_frame,1,37.3197,5,True,0.0,False
110,b0484,copA,511379,GTG,-7,out_of_frame,-1,15.4237,3,True,0.0,False
111,b0493,ybbO,519149,ATG,39,out_of_frame,-1,9.93412,5,True,0.0,False
112,b0496,ybbP,520416,TTG,-14,out_of_frame,1,18.7779,5,True,0.0,False
113,b0501,ybbD,528640,ATG,103,out_of_frame,1,10.4079,1,False,0.0,False
114,b0501,ybbD,528640,TTG,112,out_of_frame,1,54.6728,3,True,0.0,False
115,b0504,allS,532221,ATT,74,out_of_frame,-1,27.3721,2,True,0.0,False
116,b0514,glxK,541888,ATT,-7,out_of_frame,1,10.49,3,True,0.0,False
117,b0514,glxK,541888,ATT,6,out_of_frame,1,12.4782,3,True,0.0,False
118,b0515,allE,544046,ATT,7,out_of_frame,-1,16.6088,1,False,0.0,False
119,b0518,fdrA,546680,TTG,-5,out_of_frame,1,32.603,3,True,0.0,False
120,b0521,ybcF,550439,TTG,13,out_of_frame,1,5.61586,2,True,0.0,False
121,b0524,lpxH,553940,ATG,134,in_frame,-1,17.0539,3,True,0.0,False
122,b0529,folD,557741,ATT,12,out_of_frame,-1,6.3821,2,True,0.0,False
123,b0531,sfmC,558974,ATG,134,in_frame,1,24.1084,5,True,0.0,False
124,b0533,sfmH,562336,CTG,61,out_of_frame,1,14.7968,3,True,0.0,False
125,b0533,sfmH,562336,ATG,76,out_of_frame,1,28.7157,3,True,0.0,False
126,b0542,renD,568035,GTG,117,out_of_frame,1,77.2923,5,True,13.41275036,True
127,b0545,ybcL,570893,ATG,79,out_of_frame,1,123.337,4,True,0.0,False
128,b0547,ybcN,572466,ATG,89,out_of_frame,1,22.2515,4,True,0.0,False
129,b0556,rzpD,578107,TTG,-14,out_of_frame,1,8.48035,4,True,0.0,False
130,b0557,borD,578893,ATG,9,out_of_frame,-1,7.09122,2,True,0.0,False
131,b0567,ybcH,587981,GTG,-12,out_of_frame,-1,8.652339999999999,1,False,0.0,False
132,b0567,ybcH,587981,CTG,-7,out_of_frame,-1,12.2888,3,True,0.0,False
133,b0581,ybdK,607383,ATG,105,out_of_frame,-1,6.0397,2,True,0.0,False
134,b0591,entS,622300,ATT,-6,out_of_frame,1,35.5979,2,True,0.0,False
135,b0594,entE,626070,ATT,-14,out_of_frame,1,16.7184,1,False,0.0,False
136,b0594,entE,626070,ATT,11,out_of_frame,1,19.3837,2,True,0.0,False
137,b0597,entH,629300,CTG,-14,out_of_frame,1,6.90543,1,False,0.0,False
138,b0601,ybdM,635376,ATG,12,out_of_frame,-1,93.2838,3,True,0.0,False
139,b0613,citG,647509,ATG,-19,out_of_frame,-1,8.72264,5,True,0.0,False
140,b0615,citF,649571,ATC,-6,out_of_frame,-1,9.53012,3,True,0.0,False
141,b0615,citF,649571,ATT,12,out_of_frame,-1,8.80465,4,True,0.0,False
142,b0621,dcuC,655968,ATT,129,in_frame,-1,9.328380000000001,3,True,0.0,False
143,b0622,pagP,656557,GTG,6,out_of_frame,1,7.90417,2,True,0.0,False
144,b0622,pagP,656557,ATG,16,out_of_frame,1,18.6568,5,True,0.0,False
145,b0627,tatE,658947,ATG,133,in_frame,1,35.0117,5,True,0.0,False
146,b0638,cobC,669907,CTG,-20,out_of_frame,-1,8.3592,1,False,0.0,False
147,b0638,cobC,669907,ATG,46,out_of_frame,-1,13.033,4,True,0.0,False
148,b0642,leuS,674783,TTG,70,in_frame,-1,7.70407,3,True,0.0,False
149,b0652,gltL,685255,GTG,84,out_of_frame,-1,8.08399,2,True,0.0,False
150,b0677,nagA,702751,ATT,8,out_of_frame,-1,160.317,4,True,0.0,False
151,b0678,nagB,703611,GTG,-7,out_of_frame,-1,13.6688,4,True,0.0,False
152,b0683,fur,710646,ATG,135,in_frame,-1,27.2583,3,True,0.0,False
153,b0687,seqA,712987,ATT,9,out_of_frame,1,14.2954,1,False,0.0,False
154,b0689,ybfP,715412,CTG,18,out_of_frame,1,6.7714,3,True,0.0,False
155,b0692,potE,718265,ATT,-3,out_of_frame,-1,99.8154,3,True,0.0,False
156,b0694,kdpE,721733,CTG,60,out_of_frame,-1,16.9607,1,False,0.0,False
157,b0696,kdpC,724979,GTG,136,in_frame,-1,18.8094,2,True,0.0,False
158,b0700,rhsC,729583,ATG,-8,out_of_frame,1,19.0602,3,True,0.0,False
159,b0712,ybgK,744243,TTG,-22,out_of_frame,1,82.6228,2,True,0.0,False
160,b0722,sdhD,755560,GTG,118,in_frame,1,5.39204,2,True,0.0,False
161,b0724,sdhB,757689,ATG,-16,out_of_frame,1,32.603,3,True,0.0,False
162,b0729,sucD,764180,TTG,-22,out_of_frame,1,12.7205,1,False,0.0,False
163,b0729,sucD,764180,GTG,-14,out_of_frame,1,17.3047,3,True,6.70637518,True
164,b0730,mngR,765875,ATG,-14,out_of_frame,-1,37.2978,4,True,0.0,False
165,b0731,mngA,765984,GTG,48,out_of_frame,1,8.72264,1,False,0.0,False
166,b0731,mngA,765984,ATG,57,out_of_frame,1,81.006,3,True,0.0,False
167,b0736,ybgC,774752,ATG,-7,out_of_frame,1,19.5718,2,True,0.0,False
168,b0742,ybgF,779598,CTG,33,out_of_frame,1,5.69395,1,False,0.0,False
169,b0755,gpmA,787595,TTG,-15,out_of_frame,-1,39.9211,4,True,0.0,False
170,b0757,galK,789979,ATC,-16,out_of_frame,-1,12.4142,1,False,0.0,False
171,b0757,galK,789979,GTG,-9,out_of_frame,-1,40.7944,4,True,0.0,False
172,b0759,galE,792055,ATG,-12,out_of_frame,-1,6.30333,1,False,0.0,False
173,b0762,acrZ,794773,TTG,-6,out_of_frame,1,20.874000000000002,1,False,299.9578718,True
174,b0767,pgl,798586,ATT,-4,out_of_frame,1,60.7009,2,True,16.8675497,True
175,b0768,ybhD,800575,ATG,120,out_of_frame,-1,91.3455,4,True,0.0,False
176,b0778,bioD,812270,ATT,-7,out_of_frame,1,83.0723,4,True,0.0,False
177,b0782,moaB,818055,ATC,-5,out_of_frame,1,180.767,4,True,105.0665445,True
178,b0784,moaD,819048,GTG,-10,out_of_frame,1,30.8475,3,True,0.0,False
179,b0789,clsB,823739,ATG,5,out_of_frame,-1,5.8151,1,False,0.0,False
180,b0790,ybhP,824497,ATC,42,out_of_frame,-1,16.355,5,True,0.0,False
181,b0792,ybhR,826108,ATT,-15,out_of_frame,-1,18.6568,2,True,0.0,False
182,b0794,ybhF,828981,TTG,111,out_of_frame,-1,8.6015,1,False,0.0,False
183,b0798,ybiA,832950,ATG,33,out_of_frame,-1,20.5951,5,True,0.0,False
184,b0804,ybiX,839207,ATG,3,out_of_frame,-1,35.4965,4,True,0.0,False
185,b0808,ybiO,845480,GTG,5,out_of_frame,-1,40.9004,4,True,0.0,False
186,b0812,dps,848911,ATG,-8,out_of_frame,-1,30.5967,2,True,0.0,False
187,b0812,dps,848911,ATT,-3,out_of_frame,-1,23.8265,1,False,0.0,False
188,b0817,mntR,853183,ATG,-13,out_of_frame,1,6.60349,2,True,0.0,False
189,b0828,iaaA,866568,ATT,15,out_of_frame,1,10.7841,3,True,0.0,False
190,b0832,gsiD,871890,ATT,8,out_of_frame,1,156.858,2,True,0.0,False
191,b0836,bssR,878248,CTG,-22,out_of_frame,1,50.0331,3,True,0.0,False
192,b0838,gstB,880480,ATG,121,out_of_frame,-1,31.6268,2,True,0.0,False
193,b0841,ybjG,883388,GTG,62,out_of_frame,-1,7.23305,2,True,0.0,False
194,b0844,ybjI,886131,TTG,118,in_frame,-1,56.5824,4,True,0.0,False
195,b0845,ybjJ,887339,ATG,22,out_of_frame,-1,14.7078,5,True,0.0,False
196,b0845,ybjJ,887339,CTG,41,out_of_frame,-1,6.7714,1,False,0.0,False
197,b0846,rcdA,887423,ATG,-5,out_of_frame,1,26.5212,2,True,0.0,False
198,b0847,ybjL,889819,ATG,28,out_of_frame,-1,6.39521,1,False,0.0,False
199,b0847,ybjL,889819,ATT,39,out_of_frame,-1,51.9202,4,True,0.0,False
200,b0853,ybjN,892957,ATG,74,out_of_frame,1,21.4038,4,True,0.0,False
201,b0854,potF,893784,ATG,20,out_of_frame,1,12.3973,4,True,0.0,False
202,b0854,potF,893784,ATC,26,out_of_frame,1,5.8151,2,True,0.0,False
203,b0858,ybjO,897989,TTG,15,out_of_frame,1,9.70513,5,True,0.0,False
204,b0864,artP,903734,GTG,-6,out_of_frame,-1,7.022189999999999,2,True,0.0,False
205,b0865,ybjP,904467,TTG,109,out_of_frame,-1,10.5399,2,True,0.0,False
206,b0866,ybjQ,904593,ATC,-7,out_of_frame,1,43.2315,4,True,28.45128865,True
207,b0868,ybjS,906753,GTG,-10,out_of_frame,-1,13.3263,3,True,0.0,False
208,b0868,ybjS,906753,CTG,9,out_of_frame,-1,28.4697,4,True,0.0,False
209,b0876,ybjD,916473,ATT,-15,out_of_frame,1,31.8619,2,True,0.0,False
210,b0877,ybjX,919120,ATG,42,out_of_frame,-1,10.9033,5,True,0.0,False
211,b0878,macA,919235,ATT,-13,out_of_frame,1,83.7131,5,True,0.0,False
212,b0881,clpS,922913,ATG,-13,out_of_frame,1,63.4815,1,False,0.0,False
213,b0882,clpA,923264,GTG,-6,out_of_frame,1,54.7442,2,True,15.44498527,True
214,b0891,lolA,937372,ATT,-15,out_of_frame,1,14.2954,4,True,0.0,False
215,b0893,serS,939428,ATG,76,out_of_frame,1,32.336,2,True,0.0,False
216,b0894,dmsA,940959,GTG,49,out_of_frame,1,11.2857,3,True,0.0,False
217,b0900,ycaN,949568,ATT,-10,out_of_frame,-1,41.2554,3,True,0.0,False
218,b0901,ycaK,949668,GTG,-14,out_of_frame,1,11.2317,4,True,0.0,False
219,b0907,serC,957653,GTG,-10,out_of_frame,1,25.9539,2,True,0.0,False
220,b0921,smtA,973537,GTG,-12,out_of_frame,1,13.1897,2,True,0.0,False
221,b0921,smtA,973537,ATC,7,out_of_frame,1,8.50947,2,True,0.0,False
222,b0923,mukE,975622,ATC,127,in_frame,1,6.67545,1,False,0.0,False
223,b0928,aspC,985709,ATG,-13,out_of_frame,-1,6.646,2,True,0.0,False
224,b0928,aspC,985709,TTG,4,out_of_frame,-1,8.15076,3,True,0.0,False
225,b0937,ssuE,997512,GTG,4,out_of_frame,-1,107.095,5,True,0.0,False
226,b0938,elfA,997868,ATG,-9,out_of_frame,1,75.4506,2,True,0.0,False
227,b0941,elfG,1001807,GTG,27,out_of_frame,1,32.7284,3,True,0.0,False
228,b0942,ycbU,1002889,ATC,115,in_frame,1,7.8746100000000006,1,False,0.0,False
229,b0944,ycbF,1003947,ATC,131,out_of_frame,1,9.81297,4,True,0.0,False
230,b0945,pyrD,1004768,ATC,-14,out_of_frame,1,14.2954,5,True,0.0,False
231,b0945,pyrD,1004768,ATG,55,out_of_frame,1,5.10568,1,False,0.0,False
232,b0947,ycbX,1007600,TTG,-14,out_of_frame,-1,10.49,4,True,0.0,False
233,b0951,pqiB,1013259,ATC,27,out_of_frame,1,7.37487,2,True,0.0,False
234,b0955,ycbZ,1018299,GTG,106,in_frame,-1,20.1888,3,True,0.0,False
235,b0956,matP,1018485,TTG,35,out_of_frame,1,6.0397,1,False,0.0,False
236,b0956,matP,1018485,ATG,41,out_of_frame,1,11.6302,5,True,0.0,False
237,b0956,matP,1018485,CTG,51,out_of_frame,1,9.086089999999999,5,True,0.0,False
238,b0963,mgsA,1027015,ATG,72,out_of_frame,-1,7.2729800000000004,1,False,0.0,False
239,b0966,hspQ,1028721,GTG,-6,out_of_frame,-1,24.0528,4,True,0.0,False
240,b0967,rlmI,1029969,GTG,15,out_of_frame,-1,10.2976,2,True,0.0,False
241,b0973,hyaB,1033254,ATG,121,in_frame,1,18.684,3,True,0.0,False
242,b0980,appA,1040617,GTG,94,out_of_frame,1,7.90417,3,True,0.0,False
243,b0981,etk,1044210,ATG,15,out_of_frame,-1,9.4304,4,True,0.0,False
244,b0982,etp,1044676,ATC,110,out_of_frame,-1,11.6556,4,True,0.0,False
245,b0990,cspG,1051461,ATG,29,out_of_frame,1,16.8395,5,True,0.0,False
246,b1001,yccE,1064036,ATG,16,out_of_frame,1,100.979,2,True,0.0,False
247,b1001,yccE,1064036,ATT,43,out_of_frame,1,47.6111,3,True,0.0,False
248,b1008,rutE,1070955,ATG,122,out_of_frame,-1,11.4111,3,True,0.0,False
249,b1012,rutA,1074011,ATG,54,out_of_frame,-1,102.039,4,True,0.0,False
250,b1013,rutR,1074242,CTG,120,in_frame,1,7.995760000000001,1,False,0.0,False
251,b1019,efeB,1083376,ATT,-10,out_of_frame,1,6.019019999999999,2,True,0.0,False
252,b1020,phoH,1084992,ATG,-13,out_of_frame,1,10.7822,1,False,0.0,False
253,b1021,pgaD,1086519,ATG,111,in_frame,-1,9.69183,5,True,0.0,False
254,b1022,pgaC,1087846,CTG,84,in_frame,-1,42.6347,7,True,0.0,False
255,b1029,ycdU,1095843,TTG,130,in_frame,1,238.832,2,True,0.0,False
256,b1034,ycdX,1098879,ATC,115,in_frame,1,10.7822,5,True,0.0,False
257,b1041,csgB,1103951,ATG,106,out_of_frame,1,10.7019,4,True,0.0,False
258,b1042,csgA,1104447,ATG,-13,out_of_frame,1,8.504489999999999,2,True,0.0,False
259,b1044,ymdA,1105414,ATG,122,in_frame,1,31.9105,2,True,0.0,False
260,b1046,clsC,1106355,CTG,69,in_frame,1,5.8151,1,False,0.0,False
261,b1047,opgC,1108941,ATG,112,out_of_frame,-1,23.0729,3,True,0.0,False
262,b1054,lpxL,1116582,ATT,-6,out_of_frame,-1,17.8063,3,True,0.0,False
263,b1054,lpxL,1116582,ATT,46,out_of_frame,-1,17.2714,3,True,0.0,False
264,b1058,yceO,1119447,ATG,27,out_of_frame,-1,22.6546,5,True,0.0,False
265,b1058,yceO,1119447,ATT,98,out_of_frame,-1,9.655510000000001,3,True,0.0,False
266,b1060,bssS,1120955,ATT,-14,out_of_frame,-1,38.1616,5,True,0.0,False
267,b1065,mdtH,1125326,CTG,125,in_frame,-1,7.147589999999999,2,True,0.0,False
268,b1077,flgF,1133802,CTG,-16,out_of_frame,1,16.8031,3,True,0.0,False
269,b1078,flgG,1134729,ATT,-5,out_of_frame,1,10.1571,3,True,0.0,False
270,b1081,flgJ,1137371,ATG,126,out_of_frame,1,5.72182,1,False,0.0,False
271,b1091,fabH,1148759,GTG,-14,out_of_frame,1,6.52061,2,True,0.0,False
272,b1097,yceG,1154112,GTG,9,out_of_frame,1,13.757,2,True,0.0,False
273,b1098,tmk,1155124,GTG,-16,out_of_frame,1,24.1127,5,True,0.0,False
274,b1100,ycfH,1156777,ATG,43,out_of_frame,1,12.1148,1,False,0.0,False
275,b1102,fhuE,1161551,ATC,34,out_of_frame,-1,9.07676,2,True,0.0,False
276,b1105,lpoB,1162638,ATC,-6,out_of_frame,1,9.10481,2,True,15.24176178,True
277,b1108,ycfP,1165143,ATG,-13,out_of_frame,1,27.2583,1,False,0.0,False
278,b1110,ycfJ,1167599,ATC,8,out_of_frame,1,52.2147,1,False,0.0,False
279,b1121,ycfZ,1181267,ATG,118,out_of_frame,-1,14.1698,3,True,0.0,False
280,b1126,potA,1185594,ATT,17,out_of_frame,-1,57.3029,5,True,0.0,False
281,b1127,pepT,1185844,GTG,-8,out_of_frame,1,89.2076,2,True,0.0,False
282,b1135,rluE,1194951,GTG,118,out_of_frame,-1,6.26981,1,False,0.0,False
283,b1137,ymfD,1197532,TTG,12,out_of_frame,-1,92.0486,5,True,0.0,False
284,b1140,intE,1200806,ATT,110,out_of_frame,-1,5.67298,1,False,0.0,False
285,b1140,intE,1200806,ATG,115,out_of_frame,-1,6.09845,1,False,0.0,False
286,b1141,xisE,1201032,ATC,-7,out_of_frame,-1,42.8226,4,True,0.0,False
287,b1150,ymfR,1205549,ATG,6,out_of_frame,1,51.7083,4,True,0.0,False
288,b1157,stfE,1209619,CTG,19,out_of_frame,-1,11.3377,4,True,0.0,False
289,b1158,pinE,1209685,ATT,-7,out_of_frame,1,7.022189999999999,1,False,0.0,False
290,b1159,mcrA,1210346,GTG,52,out_of_frame,1,17.4301,2,True,0.0,False
291,b1159,mcrA,1210346,ATG,61,out_of_frame,1,15.9915,1,False,0.0,False
292,b1159,mcrA,1210346,ATG,70,out_of_frame,1,31.2237,3,True,10.77084499,True
293,b1160,iraM,1212003,ATG,78,out_of_frame,-1,8.84379,5,True,0.0,False
294,b1162,bluR,1214059,ATT,-23,out_of_frame,-1,50.6398,2,True,0.0,False
295,b1162,bluR,1214059,TTG,124,in_frame,-1,10.7057,4,True,0.0,False
296,b1165,ymgA,1216068,ATG,-11,out_of_frame,1,12.0063,5,True,0.0,False
297,b1167,ymgC,1216748,ATG,72,out_of_frame,1,16.355,5,True,13.81919734,True
298,b1176,minC,1226080,ATT,-16,out_of_frame,-1,15.3641,1,False,0.0,False
299,b1179,ycgL,1227714,TTG,5,out_of_frame,1,25.1133,5,True,0.0,False
300,b1181,ycgN,1228815,ATG,71,out_of_frame,1,45.6727,5,True,0.0,False
301,b1181,ycgN,1228815,TTG,81,out_of_frame,1,91.5393,3,True,0.0,False
302,b1183,umuD,1230767,TTG,3,out_of_frame,1,12.3571,2,True,0.0,False
303,b1184,umuC,1231186,ATG,65,out_of_frame,1,14.0406,2,True,0.0,False
304,b1185,dsbB,1233030,GTG,123,in_frame,-1,28.7152,1,False,0.0,False
305,b1186,nhaB,1234717,ATC,6,out_of_frame,-1,69.7214,4,True,0.0,False
306,b1188,ycgB,1237241,ATG,-13,out_of_frame,-1,21.8277,4,True,0.0,False
307,b1188,ycgB,1237241,ATG,46,out_of_frame,-1,32.1042,5,True,0.0,False
308,b1194,ycgR,1244527,ATT,7,out_of_frame,-1,6.646,3,True,0.0,False
309,b1198,dhaM,1249114,ATT,-7,out_of_frame,-1,6.09845,1,False,0.0,False
310,b1202,ycgV,1255952,ATC,6,out_of_frame,-1,37.92,3,True,0.0,False
311,b1206,dauA,1260803,ATG,22,out_of_frame,-1,11.2857,3,True,0.0,False
312,b1208,ispE,1262877,GTG,-8,out_of_frame,-1,65.1651,4,True,0.0,False
313,b1212,prmC,1266094,GTG,22,out_of_frame,1,16.5523,1,False,0.0,False
314,b1213,ychQ,1266924,GTG,25,out_of_frame,1,5.39204,2,True,0.0,False
315,b1214,ychA,1267320,CTG,-12,out_of_frame,1,34.0379,2,True,0.0,False
316,b1216,chaA,1271849,ATG,7,out_of_frame,-1,73.0521,1,False,0.0,False
317,b1218,chaC,1272507,GTG,-7,out_of_frame,1,82.6836,2,True,0.0,False
318,b1223,narK,1277957,ATC,-13,in_frame,1,6.4208300000000005,1,False,0.0,False
319,b1223,narK,1277957,ATC,11,in_frame,1,7.841010000000001,2,True,0.0,False
320,b1224,narG,1279864,CTG,92,out_of_frame,1,15.788,4,True,0.0,False
321,b1232,purU,1288624,ATG,112,in_frame,-1,20.4227,1,False,0.0,False
322,b1234,rssA,1289245,ATT,99,in_frame,1,175.543,5,True,23.57392488,True
323,b1236,galU,1291457,ATT,50,out_of_frame,1,7.995760000000001,1,False,0.0,False
324,b1243,oppA,1301182,ATG,133,in_frame,1,46.3966,2,True,39.42535713,True
325,b1249,clsA,1308645,TTG,18,out_of_frame,-1,18.331,4,True,0.0,False
326,b1249,clsA,1308645,TTG,26,out_of_frame,-1,16.2338,4,True,0.0,False
327,b1251,yciI,1310865,ATG,97,out_of_frame,-1,5.9031199999999995,1,False,0.0,False
328,b1251,yciI,1310865,TTG,108,out_of_frame,-1,10.9095,3,True,0.0,False
329,b1258,yciF,1315770,CTG,-12,out_of_frame,-1,5.8151,3,True,0.0,False
330,b1258,yciF,1315770,ATG,22,out_of_frame,-1,5.93624,2,True,0.0,False
331,b1266,yciV,1323220,GTG,-7,out_of_frame,1,29.9697,2,True,0.0,False
332,b1266,yciV,1323220,ATG,16,out_of_frame,1,20.474,3,True,0.0,False
333,b1269,rluB,1326852,GTG,82,out_of_frame,1,38.5762,2,True,0.0,False
334,b1272,sohB,1329332,ATT,5,out_of_frame,1,127.569,2,True,5.28381075,True
335,b1285,gmr,1346742,TTG,27,out_of_frame,-1,12.6092,1,False,0.0,False
336,b1288,fabI,1351039,CTG,27,out_of_frame,-1,42.7652,1,False,0.0,False
337,b1295,ymjA,1357668,ATG,40,out_of_frame,-1,15.4237,3,True,0.0,False
338,b1295,ymjA,1357668,ATG,136,in_frame,-1,15.2983,3,True,0.0,False
339,b1296,puuP,1359187,GTG,71,out_of_frame,-1,5.893619999999999,2,True,0.0,False
340,b1297,puuA,1360908,TTG,16,out_of_frame,-1,74.7395,2,True,0.0,False
341,b1298,puuD,1361120,ATG,12,out_of_frame,1,139.674,5,True,0.0,False
342,b1299,puuR,1361911,GTG,4,out_of_frame,1,221.579,5,True,0.0,False
343,b1307,pspD,1369393,CTG,-14,out_of_frame,1,24.6775,2,True,0.0,False
344,b1309,ycjM,1370216,GTG,40,out_of_frame,1,39.417,4,True,0.0,False
345,b1309,ycjM,1370216,ATG,133,in_frame,1,17.5555,3,True,0.0,False
346,b1310,ycjN,1371909,ATC,-5,out_of_frame,1,29.0919,2,True,0.0,False
347,b1311,ycjO,1373222,ATC,-7,in_frame,1,44.3903,3,True,0.0,False
348,b1316,ycjT,1377884,GTG,-10,out_of_frame,1,7.09122,1,False,0.0,False
349,b1317,ycjU,1380148,ATC,-13,out_of_frame,1,12.9628,1,False,0.0,False
350,b1322,ycjF,1385511,ATT,-6,out_of_frame,1,26.3332,2,True,0.0,False
351,b1336,abgT,1401773,ATG,-6,out_of_frame,-1,96.5292,4,True,0.0,False
352,b1342,ydaN,1408050,ATG,-14,out_of_frame,1,26.4102,3,True,0.0,False
353,b1345,intR,1413235,ATG,74,out_of_frame,-1,23.1174,2,True,0.0,False
354,b1348,ralR,1413927,GTG,86,out_of_frame,-1,10.2825,3,True,0.0,False
355,b1349,recT,1414793,GTG,55,out_of_frame,-1,7.403910000000001,3,True,0.0,False
356,b1349,recT,1414793,GTG,84,out_of_frame,-1,8.50947,2,True,0.0,False
357,b1356,racR,1420241,ATT,-8,out_of_frame,-1,188.82,4,True,0.0,False
358,b1357,ydaS,1420365,ATT,-5,out_of_frame,1,127.78399999999999,2,True,0.0,False
359,b1361,ydaW,1422701,ATG,51,out_of_frame,1,452.44699999999995,4,True,0.0,False
360,b1365,ynaK,1425377,GTG,135,in_frame,1,5.14125,1,False,0.0,False
361,b1368,tmpR,1426454,ATG,58,out_of_frame,1,130.86,4,True,0.0,False
362,b1370,insH1,1428726,ATC,133,in_frame,-1,7.26887,3,True,0.0,False
363,b1383,ydbL,1445880,ATG,52,out_of_frame,1,206.528,3,True,0.0,False
364,b1385,feaB,1447519,ATG,13,out_of_frame,1,405.603,5,True,0.0,False
365,b1388,paaA,1453927,ATG,73,out_of_frame,1,21.6855,5,True,0.0,False
366,b1389,paaB,1454868,ATT,-7,out_of_frame,1,157.623,1,False,0.0,False
367,b1391,paaD,1455925,ATG,118,out_of_frame,1,11.6296,2,True,0.0,False
368,b1397,paaJ,1460893,ATG,133,in_frame,1,7.7534600000000005,4,True,0.0,False
369,b1400,paaY,1464471,ATT,6,out_of_frame,1,18.8991,1,False,0.0,False
370,b1409,ynbB,1478226,GTG,97,in_frame,1,28.2231,1,False,0.0,False
371,b1413,hrpA,1483061,ATT,17,out_of_frame,1,15.8083,1,False,0.0,False
372,b1413,hrpA,1483061,CTG,60,out_of_frame,1,25.811999999999998,2,True,0.0,False
373,b1421,trg,1492470,CTG,-20,out_of_frame,1,26.4102,2,True,0.0,False
374,b1428,ydcK,1500449,CTG,-15,out_of_frame,-1,5.93624,4,True,0.0,False
375,b1434,ydcN,1506172,ATG,127,in_frame,1,31.0462,3,True,0.0,False
376,b1442,ydcU,1513831,ATG,6,out_of_frame,1,73.779,5,True,0.0,False
377,b1445,ydcX,1517389,CTG,114,out_of_frame,1,50.5186,5,True,0.0,False
378,b1447,ydcZ,1518331,CTG,126,in_frame,-1,37.8671,2,True,0.0,False
379,b1450,mcbR,1520262,ATG,25,out_of_frame,1,42.7652,5,True,0.0,False
380,b1450,mcbR,1520262,ATG,135,in_frame,1,23.8661,1,False,0.0,False
381,b1455,yncH,1526940,GTG,43,out_of_frame,1,60.532,5,True,0.0,False
382,b1455,yncH,1526940,ATG,132,in_frame,1,89.7705,4,True,0.0,False
383,b1459,yncI,1531325,TTG,41,out_of_frame,1,323.344,5,True,0.0,False
384,b1464,yddE,1535858,ATG,25,out_of_frame,-1,9.328380000000001,4,True,0.0,False
385,b1467,narY,1538853,ATG,116,in_frame,-1,126.791,2,True,0.0,False
386,b1468,narZ,1542590,ATG,-5,out_of_frame,-1,19.1856,1,False,0.0,False
387,b1471,yddK,1545714,ATT,66,out_of_frame,-1,5.45165,1,False,0.0,False
388,b1472,yddL,1546028,ATT,5,out_of_frame,-1,10.661,2,True,0.0,False
389,b1480,sra,1555963,ATT,-14,out_of_frame,-1,349.269,1,False,0.0,False
390,b1483,ddpF,1558038,ATC,-21,out_of_frame,-1,7.63231,1,False,0.0,False
391,b1485,ddpC,1559910,ATC,-20,out_of_frame,-1,70.508,5,True,0.0,False
392,b1486,ddpB,1560929,ATG,-13,out_of_frame,-1,21.8277,4,True,0.0,False
393,b1491,yddW,1568823,CTG,72,out_of_frame,-1,11.2041,2,True,0.0,False
394,b1494,pqqL,1575202,ATT,9,out_of_frame,-1,126.90100000000001,3,True,0.0,False
395,b1496,yddA,1579342,GTG,93,out_of_frame,-1,26.2138,5,True,0.0,False
396,b1502,ydeQ,1587734,ATT,102,out_of_frame,-1,5.39204,1,False,0.0,False
397,b1503,ydeR,1588296,ATC,-13,out_of_frame,-1,11.9936,2,True,0.0,False
398,b1505,ydeT,1590079,ATG,118,out_of_frame,-1,23.8661,4,True,0.0,False
399,b1506,yneL,1590426,GTG,126,in_frame,-1,57.1818,5,True,0.0,False
400,b1512,lsrR,1601241,ATG,-7,out_of_frame,-1,139.474,5,True,0.0,False
401,b1512,lsrR,1601241,ATG,36,out_of_frame,-1,60.8427,2,True,0.0,False
402,b1517,lsrF,1606100,ATG,25,out_of_frame,1,29.4995,2,True,0.0,False
403,b1524,glsB,1613251,ATG,12,out_of_frame,-1,7.800339999999999,2,True,0.0,False
404,b1527,yneK,1615763,ATT,99,out_of_frame,1,21.9828,2,True,0.0,False
405,b1527,yneK,1615763,ATG,122,out_of_frame,1,92.1848,4,True,0.0,False
406,b1537,ydeJ,1624773,TTG,31,out_of_frame,1,129.668,5,True,0.0,False
407,b1551,ynfN,1638109,CTG,37,out_of_frame,-1,9.4304,1,False,0.0,False
408,b1551,ynfN,1638109,ATG,88,out_of_frame,-1,67.5886,3,True,0.0,False
409,b1554,rrrQ,1640057,ATG,117,in_frame,-1,250.291,5,True,0.0,False
410,b1556,essQ,1640585,ATC,5,out_of_frame,-1,136.431,3,True,0.0,False
411,b1560,ydfU,1644304,CTG,-11,out_of_frame,-1,48.338,5,True,0.0,False
412,b1563,relE,1645633,ATG,41,out_of_frame,-1,7.403910000000001,1,False,0.0,False
413,b1567,intK,1647356,ATG,-10,out_of_frame,-1,41.0691,5,True,0.0,False
414,b1567,intK,1647356,CTG,3,out_of_frame,-1,16.3015,2,True,0.0,False
415,b1567,intK,1647356,ATG,25,out_of_frame,-1,14.8343,2,True,0.0,False
416,b1570,dicA,1647934,ATT,13,out_of_frame,1,16.3086,3,True,0.0,False
417,b1575,dicB,1649609,ATG,131,in_frame,1,73.1733,1,False,0.0,False
418,b1576,ydfD,1649794,TTG,55,out_of_frame,1,27.0856,3,True,0.0,False
419,b1579,intQ,1651551,ATG,52,out_of_frame,1,29.4155,5,True,0.0,False
420,b1579,intQ,1651551,ATT,109,out_of_frame,1,15.7999,1,False,0.0,False
421,b1583,ynfB,1655808,ATG,-7,out_of_frame,1,9.70513,3,True,0.0,False
422,b1583,ynfB,1655808,CTG,96,in_frame,1,10.2976,3,True,0.0,False
423,b1585,ynfC,1657457,CTG,-12,out_of_frame,-1,5.45165,1,False,0.0,False
424,b1585,ynfC,1657457,GTG,49,out_of_frame,-1,5.45165,3,True,0.0,False
425,b1595,ynfL,1669592,CTG,120,in_frame,-1,9.11252,4,True,0.0,False
426,b1603,pntA,1677903,ATC,-3,out_of_frame,-1,34.747,2,True,0.0,False
427,b1608,rstA,1682159,ATG,25,out_of_frame,1,19.6259,5,True,0.0,False
428,b1613,manA,1688576,ATT,-7,out_of_frame,1,15.2983,2,True,10.97406848,True
429,b1617,uidA,1696071,CTG,80,in_frame,-1,29.0329,1,False,0.0,False
430,b1618,uidR,1697052,ATG,12,out_of_frame,-1,26.1138,5,True,0.0,False
431,b1618,uidR,1697052,ATG,79,out_of_frame,-1,8.05293,1,False,0.0,False
432,b1620,malI,1699180,ATC,-6,out_of_frame,-1,19.938,3,True,0.0,False
433,b1621,malX,1699355,ATG,133,in_frame,1,20.2809,2,True,0.0,False
434,b1622,malY,1700957,ATG,38,out_of_frame,1,85.7213,4,True,0.0,False
435,b1624,ydgJ,1704308,ATT,27,out_of_frame,-1,26.8048,2,True,0.0,False
436,b1627,rsxA,1705767,CTG,102,out_of_frame,1,11.509,5,True,0.0,False
437,b1648,ydhL,1725920,ATC,-21,out_of_frame,-1,48.8226,1,False,0.0,False
438,b1649,nemR,1726023,ATG,19,out_of_frame,1,32.217,5,True,0.0,False
439,b1657,ydhP,1737290,GTG,-13,out_of_frame,-1,30.2205,2,True,0.0,False
440,b1658,purR,1737844,ATG,16,out_of_frame,1,22.6967,2,True,26.82550073,True
441,b1659,ydhB,1739798,ATG,31,out_of_frame,-1,121.64200000000001,3,True,0.0,False
442,b1663,mdtK,1743457,GTG,-8,out_of_frame,1,83.1091,2,True,21.74491347,True
443,b1667,ydhR,1746700,ATC,-6,out_of_frame,1,36.8744,2,True,235.33280180000003,True
444,b1669,ydhT,1749559,ATG,106,in_frame,-1,22.3575,4,True,0.0,False
445,b1669,ydhT,1749559,CTG,134,in_frame,-1,18.8991,5,True,0.0,False
446,b1671,ydhX,1751013,ATG,114,out_of_frame,-1,31.983,5,True,0.0,False
447,b1672,ydhW,1751724,ATG,9,out_of_frame,-1,169.217,4,True,0.0,False
448,b1676,pykF,1755698,ATG,54,out_of_frame,1,16.7353,2,True,0.0,False
449,b1685,ydiH,1765122,TTG,106,out_of_frame,-1,29.3155,5,True,0.0,False
450,b1687,ydiJ,1768685,ATG,103,in_frame,-1,25.6135,4,True,0.0,False
451,b1688,ydiK,1769074,ATT,69,in_frame,1,46.3996,1,False,0.0,False
452,b1694,ydiF,1775587,CTG,7,out_of_frame,1,6.541980000000001,2,True,0.0,False
453,b1694,ydiF,1775587,GTG,36,out_of_frame,1,5.827780000000001,1,False,0.0,False
454,b1698,ydiR,1780401,ATT,8,out_of_frame,1,281.426,5,True,0.0,False
455,b1702,ppsA,1787112,ATG,58,out_of_frame,-1,64.9532,4,True,0.0,False
456,b1711,btuC,1795152,TTG,92,out_of_frame,-1,7.37487,2,True,0.0,False
457,b1713,pheT,1797944,CTG,15,out_of_frame,-1,32.5296,1,False,0.0,False
458,b1715,pheM,1799270,ATC,45,out_of_frame,-1,15.9915,5,True,0.0,False
459,b1717,rpmI,1799999,ATT,9,out_of_frame,-1,50.6398,3,True,0.0,False
460,b1718,infC,1800638,ATT,-16,out_of_frame,-1,45.5516,5,True,0.0,False
461,b1737,chbC,1821214,ATT,-8,out_of_frame,-1,32.8538,3,True,0.0,False
462,b1738,chbB,1821619,ATG,-14,out_of_frame,-1,27.864,1,False,0.0,False
463,b1741,cho,1823515,ATT,-14,out_of_frame,1,12.7205,4,True,0.0,False
464,b1746,astD,1829734,ATG,8,out_of_frame,-1,92.6489,5,True,0.0,False
465,b1752,ydjZ,1834808,ATG,6,out_of_frame,1,14.1824,2,True,0.0,False
466,b1759,nudG,1841490,ATT,9,out_of_frame,1,14.1743,4,True,0.0,False
467,b1762,ynjI,1844871,ATG,-5,out_of_frame,-1,92.7932,2,True,0.0,False
468,b1763,topB,1846960,ATT,-13,out_of_frame,-1,13.9867,4,True,0.0,False
469,b1766,sppA,1848837,ATT,120,out_of_frame,1,43.3871,1,False,0.0,False
470,b1767,ansA,1850860,ATG,48,out_of_frame,1,8.025360000000001,3,True,0.0,False
471,b1768,pncA,1851887,CTG,113,out_of_frame,1,19.0202,4,True,0.0,False
472,b1769,ydjE,1853979,ATC,-14,out_of_frame,-1,22.8873,2,True,0.0,False
473,b1770,ydjF,1854854,ATG,133,in_frame,-1,14.7497,1,False,0.0,False
474,b1771,ydjG,1855971,ATG,-10,out_of_frame,-1,145.22799999999998,2,True,0.0,False
475,b1772,ydjH,1856928,ATG,136,in_frame,-1,19.2625,1,False,0.0,False
476,b1776,ydjL,1861332,ATG,82,out_of_frame,-1,148.72,3,True,0.0,False
477,b1778,msrB,1862429,ATG,-10,out_of_frame,-1,37.3681,3,True,0.0,False
478,b1780,yeaD,1863850,CTG,-7,out_of_frame,1,96.5551,3,True,0.0,False
479,b1784,yeaH,1868955,CTG,5,out_of_frame,1,77.8803,4,True,0.0,False
480,b1789,yeaL,1874352,TTG,15,out_of_frame,1,12.9628,1,False,0.0,False
481,b1790,yeaM,1875576,TTG,12,out_of_frame,-1,36.2395,3,True,0.0,False
482,b1797,yeaR,1879948,ATT,-22,out_of_frame,-1,28.712,1,False,0.0,False
483,b1807,tsaB,1891267,GTG,94,out_of_frame,-1,18.4332,3,True,0.0,False
484,b1808,yoaA,1893235,ATC,-16,out_of_frame,-1,17.4453,5,True,0.0,False
485,b1813,nudL,1896170,CTG,-15,out_of_frame,1,9.93412,1,False,0.0,False
486,b1822,rlmA,1907060,CTG,-14,out_of_frame,-1,6.90543,2,True,0.0,False
487,b1831,proQ,1915534,TTG,18,out_of_frame,-1,40.6215,5,True,0.0,False
488,b1831,proQ,1915534,GTG,133,in_frame,-1,14.6589,1,False,0.0,False
489,b1837,yebW,1922121,CTG,30,out_of_frame,1,5.5099,1,False,0.0,False
490,b1839,yebY,1923706,ATG,107,out_of_frame,-1,103.311,4,True,0.0,False
491,b1843,yobB,1925440,ATT,-3,out_of_frame,1,40.6885,1,False,0.0,False
492,b1844,exoX,1926120,TTG,33,out_of_frame,1,6.78428,1,False,0.0,False
493,b1846,yebE,1929707,ATT,-14,out_of_frame,-1,184.145,5,True,0.0,False
494,b1848,yebG,1930747,ATG,48,out_of_frame,-1,47.7322,2,True,0.0,False
495,b1849,purT,1930881,GTG,78,out_of_frame,1,73.536,4,True,0.0,False
496,b1850,eda,1932756,CTG,8,out_of_frame,-1,60.4319,2,True,0.0,False
497,b1856,mepM,1941635,GTG,-8,out_of_frame,-1,577.575,3,True,0.0,False
498,b1859,znuB,1943414,ATC,-7,out_of_frame,1,23.0729,1,False,0.0,False
499,b1860,ruvB,1945356,ATG,-12,out_of_frame,-1,32.1042,3,True,0.0,False
500,b1866,aspS,1950522,ATC,-5,out_of_frame,-1,10.1571,3,True,0.0,False
501,b1877,yecT,1961972,ATG,124,out_of_frame,1,42.7226,5,True,0.0,False
502,b1884,cheR,1969364,ATC,99,out_of_frame,-1,5.08821,1,False,0.0,False
503,b1885,tap,1970984,CTG,-16,out_of_frame,-1,25.1987,5,True,0.0,False
504,b1887,cheW,1973339,ATG,9,out_of_frame,-1,61.1323,5,True,0.0,False
505,b1887,cheW,1973339,ATG,16,out_of_frame,-1,44.3903,3,True,0.0,False
506,b1888,cheA,1975324,ATG,6,out_of_frame,-1,23.0181,1,False,0.0,False
507,b1890,motA,1977139,ATG,-8,out_of_frame,-1,124.26799999999999,3,True,0.0,False
508,b1892,flhD,1978197,GTG,-9,out_of_frame,-1,38.3574,2,True,0.0,False
509,b1896,otsA,1981612,ATG,-6,out_of_frame,-1,69.2103,1,False,0.0,False
510,b1900,araG,1985069,ATG,124,out_of_frame,-1,458.51800000000003,2,True,0.0,False
511,b1904,yecR,1988222,CTG,-7,out_of_frame,1,6.019019999999999,1,False,0.0,False
512,b1908,yecA,1991619,GTG,25,out_of_frame,-1,9.81297,1,False,0.0,False
513,b1912,pgsA,1992817,GTG,37,out_of_frame,-1,5.14125,1,False,0.0,False
514,b1913,uvrC,1994706,ATC,-9,out_of_frame,-1,5.67298,1,False,0.0,False
515,b1921,fliZ,2001024,GTG,129,in_frame,-1,16.5523,3,True,0.0,False
516,b1923,fliC,2003606,ATC,-3,out_of_frame,-1,18.4332,3,True,0.0,False
517,b1928,yedD,2008090,GTG,133,in_frame,-1,7.0265699999999995,2,True,0.0,False
518,b1949,fliQ,2022616,ATG,24,out_of_frame,1,12.6092,4,True,0.0,False
519,b1953,yodD,2024986,ATG,58,out_of_frame,1,9.9602,2,True,0.0,False
520,b1958,yedI,2029366,TTG,6,out_of_frame,-1,19.5103,2,True,0.0,False
521,b1961,dcm,2032317,GTG,99,out_of_frame,-1,10.0553,4,True,0.0,False
522,b1968,yedV,2038152,TTG,108,out_of_frame,-1,7.5167,2,True,0.0,False
523,b1971,yedY,2039478,ATG,31,out_of_frame,1,8.52695,2,True,0.0,False
524,b1978,yeeJ,2044938,ATG,34,out_of_frame,1,18.6568,1,False,0.0,False
525,b1985,yeeO,2059690,TTG,33,out_of_frame,-1,13.6897,5,True,0.0,False
526,b1987,cbl,2060914,CTG,117,in_frame,-1,38.6462,5,True,0.0,False
527,b1988,nac,2061933,ATC,130,in_frame,-1,19.0727,4,True,0.0,False
528,b1990,ldtA,2063323,ATG,-3,out_of_frame,-1,21.840999999999998,1,False,0.0,False
529,b1990,ldtA,2063323,GTG,7,out_of_frame,-1,65.5822,3,True,0.0,False
530,b1993,cobU,2065764,ATT,6,out_of_frame,-1,25.9601,4,True,0.0,False
531,b2012,yeeD,2084453,ATT,6,out_of_frame,-1,57.5452,5,True,0.0,False
532,b2013,yeeE,2085525,ATG,9,out_of_frame,-1,52.6278,5,True,0.0,False
533,b2014,plaP,2087062,ATG,90,out_of_frame,-1,5.517440000000001,2,True,0.0,False
534,b2015,yeeY,2088258,CTG,-16,out_of_frame,-1,6.646,3,True,0.0,False
535,b2022,hisB,2093468,TTG,-3,out_of_frame,1,173.35,4,True,32.92220544,True
536,b2026,hisI,2096614,ATC,-8,out_of_frame,1,5.67298,1,False,0.0,False
537,b2032,wbbK,2104509,ATG,100,out_of_frame,-1,10.5055,4,True,0.0,False
538,b2033,wbbJ,2105084,ATG,58,out_of_frame,-1,13.919,2,True,0.0,False
539,b2034,wbbI,2106057,ATG,37,out_of_frame,-1,21.322,5,True,0.0,False
540,b2035,wbbH,2107226,ATG,-14,out_of_frame,-1,11.5496,4,True,0.0,False
541,b2035,wbbH,2107226,ATC,7,out_of_frame,-1,6.103219999999999,1,False,0.0,False
542,b2036,glf,2108329,ATG,115,out_of_frame,-1,12.0794,3,True,0.0,False
543,b2037,wzxB,2109584,CTG,46,out_of_frame,-1,5.5099,1,False,0.0,False
544,b2038,rfbC,2110138,ATT,-4,out_of_frame,-1,27.838,1,False,0.0,False
545,b2041,rfbB,2113061,ATG,88,out_of_frame,-1,17.5555,3,True,0.0,False
546,b2044,wcaL,2117127,TTG,-22,out_of_frame,-1,7.14772,1,False,0.0,False
547,b2048,cpsG,2122979,ATT,44,out_of_frame,-1,20.9586,1,False,0.0,False
548,b2058,wcaB,2132555,CTG,12,in_frame,-1,7.39002,2,True,0.0,False
549,b2068,alkA,2147540,CTG,9,out_of_frame,-1,70.0234,3,True,0.0,False
550,b2070,yegI,2150985,GTG,34,out_of_frame,-1,16.1761,3,True,0.0,False
551,b2071,yegJ,2151185,ATG,88,out_of_frame,1,57.748000000000005,1,False,0.0,False
552,b2073,yegL,2153128,ATG,112,out_of_frame,-1,9.90523,5,True,0.0,False
553,b2079,baeR,2164276,ATG,52,out_of_frame,1,12.1854,4,True,0.0,False
554,b2079,baeR,2164276,ATT,78,in_frame,1,6.78141,1,False,0.0,False
555,b2080,yegP,2165189,TTG,8,out_of_frame,1,10.8057,1,False,0.0,False
556,b2080,yegP,2165189,GTG,31,out_of_frame,1,13.5686,5,True,0.0,False
557,b2082,ogrK,2167520,GTG,-9,out_of_frame,-1,26.8048,2,True,0.0,False
558,b2083,yegZ,2167814,ATT,124,in_frame,-1,7.90417,3,True,0.0,False
559,b2096,gatY,2177204,ATG,-6,out_of_frame,-1,14.3045,4,True,0.0,False
560,b2102,yegX,2183651,ATG,-9,out_of_frame,-1,17.5555,1,False,0.0,False
561,b2103,thiD,2184516,TTG,-20,out_of_frame,-1,46.8842,4,True,0.0,False
562,b2107,rcnB,2186960,ATG,109,out_of_frame,1,33.0594,3,True,46.334955799999996,True
563,b2109,yehB,2190910,CTG,-6,out_of_frame,-1,14.546,2,True,0.0,False
564,b2109,yehB,2190910,ATG,105,out_of_frame,-1,19.1414,4,True,0.0,False
565,b2110,yehC,2191645,ATG,45,out_of_frame,-1,13.2051,5,True,0.0,False
566,b2121,yehP,2207967,CTG,-14,out_of_frame,1,5.67298,2,True,0.0,False
567,b2125,yehT,2212962,GTG,108,out_of_frame,-1,101.40100000000001,3,True,0.0,False
568,b2129,yehX,2217407,GTG,90,out_of_frame,-1,15.7492,4,True,0.0,False
569,b2133,dld,2222185,GTG,-7,out_of_frame,1,14.0444,1,False,0.0,False
570,b2133,dld,2222185,TTG,46,in_frame,1,9.69183,1,False,0.0,False
571,b2137,yohF,2227270,GTG,-12,out_of_frame,-1,19.7136,1,False,0.0,False
572,b2140,dusC,2230385,ATG,21,out_of_frame,-1,27.2583,3,True,0.0,False
573,b2147,preA,2235265,TTG,-6,out_of_frame,1,199.831,2,True,0.0,False
574,b2149,mglA,2239289,ATG,132,in_frame,-1,7.63231,4,True,0.0,False
575,b2166,psuK,2259296,ATT,13,out_of_frame,-1,170.595,4,True,0.0,False
576,b2173,yeiR,2267829,TTG,115,in_frame,1,7.658519999999999,2,True,0.0,False
577,b2173,yeiR,2267829,ATG,133,in_frame,1,11.1456,5,True,0.0,False
578,b2177,yejA,2272364,TTG,-6,out_of_frame,1,45.3507,4,True,0.0,False
579,b2179,yejE,2275273,GTG,107,out_of_frame,1,7.26887,2,True,0.0,False
580,b2181,yejG,2278237,GTG,-25,out_of_frame,-1,12.2064,5,True,0.0,False
581,b2183,rsuA,2280483,ATC,-9,out_of_frame,-1,15.7083,5,True,0.0,False
582,b2202,napC,2298259,CTG,27,out_of_frame,-1,8.65129,2,True,0.0,False
583,b2205,napG,2300260,CTG,-21,in_frame,-1,6.703539999999999,3,True,0.0,False
584,b2208,napF,2303497,ATG,-16,out_of_frame,-1,10.9033,2,True,0.0,False
585,b2208,napF,2303497,ATG,10,out_of_frame,-1,9.69183,3,True,0.0,False
586,b2219,atoS,2320043,ATT,-8,out_of_frame,1,5.39204,1,False,0.0,False
587,b2226,yfaQ,2329797,TTG,52,out_of_frame,-1,44.8247,5,True,0.0,False
588,b2230,yfaA,2336644,ATG,-8,out_of_frame,-1,33.4808,3,True,0.0,False
589,b2232,ubiG,2339567,ATG,4,out_of_frame,1,37.3135,1,False,5.69025773,True
590,b2237,inaA,2349472,TTG,61,out_of_frame,-1,5.39204,1,False,0.0,False
591,b2238,yfaH,2349651,ATG,36,out_of_frame,1,234.01,2,True,0.0,False
592,b2240,glpT,2352374,ATC,-4,out_of_frame,-1,27.7126,2,True,0.0,False
593,b2242,glpB,2354265,CTG,-19,out_of_frame,1,7.147589999999999,2,True,0.0,False
594,b2247,rhmD,2361414,ATC,-3,out_of_frame,-1,11.7872,2,True,0.0,False
595,b2251,nudI,2364554,CTG,54,out_of_frame,1,12.4142,3,True,0.0,False
596,b2254,arnC,2367071,TTG,108,out_of_frame,1,15.6007,2,True,0.0,False
597,b2254,arnC,2367071,ATC,126,out_of_frame,1,6.80359,3,True,0.0,False
598,b2258,arnF,2372892,ATC,-20,out_of_frame,1,5.08821,1,False,0.0,False
599,b2274,yfbO,2388635,ATG,125,in_frame,1,12.7904,2,True,0.0,False
600,b2274,yfbO,2388635,ATG,133,in_frame,1,56.9299,3,True,0.0,False
601,b2282,nuoH,2397442,TTG,-25,out_of_frame,-1,20.8374,1,False,0.0,False
602,b2283,nuoG,2400165,ATT,9,out_of_frame,-1,11.5365,1,False,0.0,False
603,b2288,nuoA,2405072,ATG,6,out_of_frame,-1,12.6067,5,True,0.0,False
604,b2292,yfbS,2411352,GTG,7,out_of_frame,-1,99.2841,4,True,0.0,False
605,b2293,yfbT,2412089,CTG,-14,out_of_frame,-1,6.39521,3,True,0.0,False
606,b2298,yfcC,2417081,GTG,135,in_frame,1,10.2114,2,True,0.0,False
607,b2299,yfcD,2419176,ATG,46,out_of_frame,-1,18.5429,4,True,0.0,False
608,b2304,yfcH,2421708,ATC,-13,out_of_frame,1,14.6589,5,True,0.0,False
609,b2304,yfcH,2421708,GTG,9,out_of_frame,1,11.6556,3,True,48.36719071,True
610,b2307,hisM,2425233,CTG,23,out_of_frame,-1,32.1058,4,True,0.0,False
611,b2322,yfcJ,2440120,ATT,-15,out_of_frame,-1,13.932,4,True,0.0,False
612,b2325,yfcL,2444169,ATG,-13,out_of_frame,-1,14.9012,1,False,0.0,False
613,b2329,aroC,2447473,ATT,15,out_of_frame,-1,21.4432,3,True,0.0,False
614,b2341,fadJ,2459159,CTG,-14,out_of_frame,-1,5.76823,1,False,0.0,False
615,b2349,intS,2466545,ATT,18,out_of_frame,1,7.147589999999999,3,True,0.0,False
616,b2355,yfdL,2472122,TTG,63,out_of_frame,-1,9.60507,2,True,0.0,False
617,b2355,yfdL,2472122,GTG,87,out_of_frame,-1,25.8316,3,True,0.0,False
618,b2356,yfdM,2472387,GTG,66,out_of_frame,-1,23.5027,1,False,0.0,False
619,b2357,yfdN,2472881,ATG,6,out_of_frame,-1,6.1456599999999995,4,True,0.0,False
620,b2357,yfdN,2472881,TTG,70,in_frame,-1,8.15889,3,True,0.0,False
621,b2363,yfdT,2475873,ATG,127,out_of_frame,1,7.147589999999999,2,True,0.0,False
622,b2365,dsdX,2477847,GTG,-7,out_of_frame,1,7.899960000000001,2,True,0.0,False
623,b2366,dsdA,2479202,ATG,15,out_of_frame,1,50.6398,5,True,0.0,False
624,b2368,emrK,2483339,ATG,123,in_frame,-1,79.9576,5,True,0.0,False
625,b2374,frc,2493254,TTG,121,in_frame,-1,14.3045,4,True,0.0,False
626,b2376,ypdI,2494698,GTG,82,out_of_frame,1,5.8151,3,True,0.0,False
627,b2378,lpxP,2495645,ATG,11,in_frame,1,17.009,5,True,0.0,False
628,b2381,ypdB,2500383,CTG,50,out_of_frame,1,13.033,4,True,0.0,False
629,b2381,ypdB,2500383,ATT,57,out_of_frame,1,21.1919,3,True,0.0,False
630,b2382,ypdC,2501130,ATC,-13,out_of_frame,1,7.50396,1,False,0.0,False
631,b2388,glk,2509426,TTG,-7,out_of_frame,-1,22.9932,2,True,0.0,False
632,b2395,yfeA,2517832,CTG,18,out_of_frame,-1,8.15076,3,True,0.0,False
633,b2398,yfeC,2518467,ATG,10,out_of_frame,1,56.2297,5,True,11.78696244,True
634,b2399,yfeD,2518813,ATG,21,out_of_frame,1,5.70301,2,True,0.0,False
635,b2408,yfeN,2525127,ATG,61,in_frame,1,9.53636,4,True,0.0,False
636,b2409,yfeR,2526856,GTG,64,out_of_frame,-1,11.6556,3,True,0.0,False
637,b2419,yfeK,2537342,TTG,130,in_frame,1,28.5909,2,True,0.0,False
638,b2430,yfeW,2548102,ATC,-3,out_of_frame,1,7.52378,2,True,0.0,False
639,b2430,yfeW,2548102,ATG,12,out_of_frame,1,9.304910000000001,4,True,0.0,False
640,b2434,ypeA,2552138,ATG,111,out_of_frame,-1,15.1435,5,True,0.0,False
641,b2441,eutB,2558679,ATG,28,out_of_frame,-1,17.4453,1,False,0.0,False
642,b2441,eutB,2558679,ATG,46,out_of_frame,-1,25.3199,5,True,0.0,False
643,b2443,yffL,2560257,ATG,114,out_of_frame,1,11.2041,2,True,14.02242083,True
644,b2446,yffO,2562111,ATT,-12,out_of_frame,1,7.26887,2,True,0.0,False
645,b2458,eutD,2573505,CTG,-14,out_of_frame,-1,17.8087,4,True,0.0,False
646,b2461,eutP,2575457,ATG,109,out_of_frame,-1,6.9494,2,True,0.0,False
647,b2461,eutP,2575457,ATT,123,out_of_frame,-1,5.53115,1,False,0.0,False
648,b2461,eutP,2575457,GTG,136,in_frame,-1,7.39838,3,True,0.0,False
649,b2480,bcp,2600478,ATC,4,out_of_frame,1,71.3561,1,False,34.95444034,True
650,b2484,hyfD,2604811,CTG,-22,out_of_frame,1,23.9873,1,False,0.0,False
651,b2488,hyfH,2610164,CTG,66,out_of_frame,1,20.5951,2,True,0.0,False
652,b2489,hyfI,2610706,ATG,63,out_of_frame,1,22.4118,2,True,0.0,False
653,b2491,hyfR,2611900,ATG,6,out_of_frame,1,119.573,1,False,0.0,False
654,b2491,hyfR,2611900,ATT,48,out_of_frame,1,270.409,4,True,0.0,False
655,b2493,yfgO,2615881,ATG,9,out_of_frame,-1,72.5675,5,True,0.0,False
656,b2501,ppk,2623044,GTG,-6,out_of_frame,1,20.474,4,True,0.0,False
657,b2510,yfgJ,2635814,ATG,87,out_of_frame,-1,22.0396,4,True,0.0,False
658,b2517,rlmN,2644283,ATG,43,out_of_frame,-1,6.5239199999999995,2,True,0.0,False
659,b2519,pbpC,2647325,GTG,129,in_frame,-1,5.517440000000001,1,False,0.0,False
660,b2521,sseA,2652494,TTG,112,in_frame,1,29.3508,1,False,0.0,False
661,b2539,hcaF,2670390,GTG,-8,out_of_frame,1,18.684,3,True,0.0,False
662,b2555,yfhG,2689506,CTG,-9,out_of_frame,-1,22.6919,2,True,0.0,False
663,b2558,mltF,2695801,TTG,132,in_frame,1,8.79312,2,True,0.0,False
664,b2563,acpS,2700998,ATC,114,in_frame,-1,11.8725,1,False,0.0,False
665,b2574,nadB,2710420,ATG,23,out_of_frame,1,190.0,5,True,0.0,False
666,b2577,yfiE,2715320,TTG,-8,out_of_frame,-1,25.2184,2,True,0.0,False
667,b2579,grcA,2716449,ATC,-5,out_of_frame,-1,5.5099,1,False,0.0,False
668,b2582,trxC,2718735,GTG,108,out_of_frame,1,5.39204,1,False,15.64820876,True
669,b2582,trxC,2718735,ATG,115,out_of_frame,1,6.541980000000001,1,False,15.64820876,True
670,b2593,yfiH,2735034,CTG,-6,out_of_frame,-1,47.9997,4,True,0.0,False
671,b2598,pheL,2737599,GTG,65,out_of_frame,1,266.382,4,True,0.0,False
672,b2600,tyrA,2740069,GTG,105,in_frame,-1,52.6993,5,True,0.0,False
673,b2606,rplS,2744530,ATG,36,out_of_frame,-1,14.9222,1,False,0.0,False
674,b2608,rimM,2745918,GTG,76,out_of_frame,-1,7.14772,3,True,0.0,False
675,b2619,ratA,2754764,TTG,13,out_of_frame,-1,8.58273,2,True,0.0,False
676,b2619,ratA,2754764,ATG,27,out_of_frame,-1,24.7142,5,True,0.0,False
677,b2623,yfjH,2758600,ATG,81,out_of_frame,-1,26.0468,5,True,0.0,False
678,b2623,yfjH,2758600,ATT,111,in_frame,-1,5.69395,1,False,0.0,False
679,b2627,yfjK,2763540,ATC,9,out_of_frame,-1,32.4236,4,True,0.0,False
680,b2638,yfjU,2772154,GTG,121,in_frame,-1,5.10568,1,False,0.0,False
681,b2642,yfjW,2773318,ATG,-11,out_of_frame,1,7.2729800000000004,2,True,0.0,False
682,b2642,yfjW,2773318,ATT,24,out_of_frame,1,9.927710000000001,2,True,0.0,False
683,b2643,yfjX,2775919,ATG,76,out_of_frame,1,9.27932,2,True,0.0,False
684,b2645,yfjZ,2777115,ATG,14,out_of_frame,1,28.3486,1,False,0.0,False
685,b2647,ypjA,2782726,ATT,-4,out_of_frame,-1,20.0634,1,False,0.0,False
686,b2661,gabD,2791273,ATG,-8,out_of_frame,1,53.6696,3,True,0.0,False
687,b2663,gabP,2794253,ATG,22,out_of_frame,1,11.7615,2,True,0.0,False
688,b2664,csiR,2795674,ATG,84,in_frame,1,23.4124,5,True,0.0,False
689,b2666,yqaE,2797028,CTG,8,out_of_frame,-1,67.7216,4,True,0.0,False
690,b2668,ygaP,2797520,CTG,79,out_of_frame,1,19.4364,3,True,0.0,False
691,b2671,ygaC,2799994,GTG,91,out_of_frame,-1,22.9475,2,True,0.0,False
692,b2672,ygaM,2800146,ATG,-12,out_of_frame,1,38.4203,5,True,0.0,False
693,b2673,nrdH,2800723,ATC,-3,out_of_frame,1,22.2664,2,True,92.26346462,True
694,b2677,proV,2804815,ATT,-5,out_of_frame,1,20.1105,1,False,0.0,False
695,b2681,ygaY,2808316,CTG,-16,out_of_frame,1,8.77774,2,True,0.0,False
696,b2681,ygaY,2808316,ATG,16,out_of_frame,1,6.39521,2,True,0.0,False
697,b2681,ygaY,2808570,GTG,81,out_of_frame,1,5.3305,2,True,0.0,False
698,b2701,mltB,2825576,ATG,16,out_of_frame,-1,11.6619,3,True,0.0,False
699,b2710,norV,2832476,GTG,43,out_of_frame,1,20.1105,1,False,0.0,False
700,b2714,ascG,2839264,ATG,-9,out_of_frame,-1,52.3332,2,True,0.0,False
701,b2715,ascF,2839524,ATT,10,out_of_frame,1,12.3571,1,False,0.0,False
702,b2717,hycI,2843043,ATG,-16,out_of_frame,-1,6.541980000000001,1,False,0.0,False
703,b2719,hycG,2844210,ATT,7,out_of_frame,-1,14.4105,4,True,0.0,False
704,b2720,hycF,2844752,TTG,73,out_of_frame,-1,15.2646,3,True,0.0,False
705,b2723,hycC,2849241,GTG,91,out_of_frame,-1,15.2646,2,True,0.0,False
706,b2724,hycB,2849849,TTG,10,out_of_frame,-1,7.946969999999999,3,True,0.0,False
707,b2726,hypA,2850647,ATG,-12,out_of_frame,1,92.4695,2,True,0.0,False
708,b2731,fhlA,2854338,TTG,39,out_of_frame,1,44.0978,5,True,0.0,False
709,b2752,cysD,2876329,ATT,-17,out_of_frame,-1,127.5,2,True,0.0,False
710,b2753,iap,2876581,TTG,118,out_of_frame,1,7.63231,1,False,0.0,False
711,b2755,ygbT,2879772,ATG,64,out_of_frame,-1,7.995760000000001,1,False,0.0,False
712,b2755,ygbT,2879772,ATG,76,in_frame,-1,13.4174,3,True,0.0,False
713,b2756,casE,2880387,ATT,-16,out_of_frame,-1,59.2413,5,True,0.0,False
714,b2759,casB,2882637,ATC,-5,out_of_frame,-1,17.8063,1,False,0.0,False
715,b2759,casB,2882637,ATG,62,out_of_frame,-1,27.6217,5,True,0.0,False
716,b2777,queE,2905418,ATG,-5,out_of_frame,-1,35.9887,3,True,0.0,False
717,b2779,eno,2907941,GTG,85,out_of_frame,-1,24.2647,4,True,0.0,False
718,b2780,pyrG,2909666,ATG,103,in_frame,-1,39.4998,3,True,0.0,False
719,b2787,gudD,2919385,ATG,69,out_of_frame,-1,5.803059999999999,2,True,0.0,False
720,b2789,gudP,2922100,GTG,-8,out_of_frame,-1,64.3175,3,True,0.0,False
721,b2791,truC,2923784,ATG,22,out_of_frame,-1,15.2646,1,False,0.0,False
722,b2792,yqcC,2924113,ATG,79,out_of_frame,-1,5.8148,1,False,0.0,False
723,b2795,ygdH,2926308,ATT,12,out_of_frame,1,188.396,4,True,5.28381075,True
724,b2796,sdaC,2928229,ATC,99,out_of_frame,1,50.2059,2,True,0.0,False
725,b2801,fucP,2934235,ATG,49,out_of_frame,1,36.8744,2,True,0.0,False
726,b2802,fucI,2935584,ATC,-7,out_of_frame,1,80.9818,2,True,0.0,False
727,b2811,csdE,2944542,TTG,108,in_frame,1,7.0265699999999995,1,False,0.0,False
728,b2812,tcdA,2945842,CTG,4,out_of_frame,-1,46.0924,4,True,0.0,False
729,b2817,amiC,2949010,TTG,-15,out_of_frame,-1,5.5728,1,False,0.0,False
730,b2819,recD,2952461,ATG,-20,out_of_frame,-1,27.016,1,False,0.0,False
731,b2819,recD,2952461,ATT,5,out_of_frame,-1,11.7714,1,False,0.0,False
732,b2820,recB,2956003,GTG,4,out_of_frame,-1,27.1257,4,True,0.0,False
733,b2821,ptrA,2958884,ATG,-13,out_of_frame,-1,41.1217,5,True,0.0,False
734,b2827,thyA,2965155,ATG,118,out_of_frame,-1,10.9095,3,True,0.0,False
735,b2836,aas,2976014,TTG,-5,out_of_frame,-1,148.026,4,True,0.0,False
736,b2840,ygeA,2980635,ATT,9,out_of_frame,-1,66.7524,2,True,0.0,False
737,b2847,yqeI,2988502,ATT,-8,out_of_frame,1,7.62909,2,True,0.0,False
738,b2848,yqeJ,2989304,ATG,133,in_frame,1,30.7283,4,True,0.0,False
739,b2849,yqeK,2990360,ATC,131,in_frame,-1,26.584,3,True,0.0,False
740,b2850,ygeF,2990554,ATG,-7,out_of_frame,1,45.1881,4,True,0.0,False
741,b2850,ygeF,2990554,ATG,76,out_of_frame,1,61.5325,9,True,0.0,False
742,b2851,ygeG,2991268,ATC,82,out_of_frame,1,93.9862,3,True,0.0,False
743,b2854,pbl,2993939,ATG,60,out_of_frame,1,21.0111,5,True,0.0,False
744,b2854,pbl,2993939,ATG,102,out_of_frame,1,18.1825,3,True,0.0,False
745,b2854,pbl,2994382,ATG,25,out_of_frame,1,16.9285,3,True,0.0,False
746,b2854,pbl,2994382,CTG,130,in_frame,1,36.7411,3,True,0.0,False
747,b2856,ygeK,2995092,ATT,9,out_of_frame,-1,66.232,2,True,0.0,False
748,b2856,ygeK,2995092,ATT,15,out_of_frame,-1,84.7448,5,True,0.0,False
749,b2858,ygeN,2996020,ATT,-10,out_of_frame,-1,17.7281,2,True,0.0,False
750,b2859,ygeO,2996360,TTG,67,out_of_frame,-1,15.8843,2,True,0.0,False
751,b2859,ygeO,2996360,CTG,97,out_of_frame,-1,24.9132,5,True,0.0,False
752,b2865,ygeR,2999891,ATG,42,out_of_frame,-1,7.7534600000000005,2,True,0.0,False
753,b2866,xdhA,3000345,ATG,60,out_of_frame,1,9.40472,3,True,0.0,False
754,b2866,xdhA,3000345,ATG,76,out_of_frame,1,6.78428,1,False,0.0,False
755,b2866,xdhA,3000345,ATG,127,in_frame,1,34.2181,5,True,0.0,False
756,b2867,xdhB,3002614,ATT,-16,out_of_frame,1,8.104280000000001,2,True,0.0,False
757,b2868,xdhC,3003489,ATG,29,out_of_frame,1,9.93412,5,True,0.0,False
758,b2870,ygeW,3006262,ATG,16,out_of_frame,1,51.7083,4,True,0.0,False
759,b2870,ygeW,3006262,ATG,97,out_of_frame,1,58.6854,3,True,0.0,False
760,b2874,yqeA,3011461,GTG,-10,out_of_frame,1,345.717,3,True,0.0,False
761,b2877,mocA,3015160,ATG,63,out_of_frame,1,37.1924,5,True,0.0,False
762,b2879,ssnA,3019161,CTG,-23,out_of_frame,1,44.7035,5,True,0.0,False
763,b2881,xdhD,3021316,CTG,-16,out_of_frame,1,117.289,2,True,0.0,False
764,b2886,ygfS,3029012,ATG,103,out_of_frame,-1,27.5495,1,False,0.0,False
765,b2889,idi,3033065,ATG,-12,out_of_frame,1,37.92,1,False,0.0,False
766,b2893,dsbC,3038822,ATT,-4,out_of_frame,-1,21.7217,1,False,0.0,False
767,b2895,fldB,3039855,ATG,126,in_frame,1,19.7471,1,False,0.0,False
768,b2901,bglA,3043662,GTG,6,out_of_frame,1,11.2857,3,True,73.16045653,True
769,b2903,gcvP,3049041,ATC,-7,out_of_frame,-1,17.0539,3,True,0.0,False
770,b2909,ygfB,3055444,ATG,110,in_frame,-1,8.08399,2,True,0.0,False
771,b2913,serA,3058410,ATT,30,out_of_frame,-1,124.661,1,False,0.0,False
772,b2913,serA,3058410,ATG,127,in_frame,-1,162.754,4,True,0.0,False
773,b2914,rpiA,3059325,ATG,10,out_of_frame,-1,50.5186,5,True,0.0,False
774,b2915,yqfE,3059701,ATT,80,out_of_frame,-1,5.69395,1,False,0.0,False
775,b2921,ygfI,3067173,ATG,24,out_of_frame,-1,38.9206,5,True,0.0,False
776,b2928,yggC,3074689,ATG,67,out_of_frame,-1,48.6257,3,True,0.0,False
777,b2936,loiP,3081913,ATT,17,out_of_frame,1,22.8221,2,True,0.0,False
778,b2938,speA,3085911,ATG,78,out_of_frame,-1,63.5759,3,True,0.0,False
779,b2950,yggR,3095080,ATG,6,out_of_frame,-1,22.7758,5,True,0.0,False
780,b2956,yggM,3099565,ATG,11,out_of_frame,-1,90.5955,4,True,0.0,False
781,b2958,yggN,3101623,ATG,12,out_of_frame,-1,133.263,3,True,0.0,False
782,b2962,yggX,3104093,ATG,-7,out_of_frame,1,73.8584,3,True,198.14290309999998,True
783,b2971,yghG,3113477,ATC,35,out_of_frame,-1,310.779,4,True,0.0,False
784,b2972,pppA,3114352,CTG,45,out_of_frame,-1,5.8151,1,False,0.0,False
785,b2975,glcA,3121279,ATG,30,out_of_frame,-1,17.8087,5,True,0.0,False
786,b2981,yghO,3130143,ATC,132,in_frame,-1,5.9566300000000005,2,True,0.0,False
787,b2985,yghS,3133957,ATG,62,out_of_frame,-1,23.745,4,True,0.0,False
788,b3008,metC,3152236,GTG,30,out_of_frame,1,18.579,2,True,0.0,False
789,b3010,yqhC,3155218,GTG,64,out_of_frame,-1,8.52695,3,True,0.0,False
790,b3018,plsC,3163481,TTG,112,in_frame,-1,52.3359,2,True,0.0,False
791,b3021,mqsA,3168246,ATC,129,in_frame,-1,202.64,3,True,0.0,False
792,b3023,ygiV,3169231,CTG,15,out_of_frame,-1,26.3332,3,True,0.0,False
793,b3025,qseB,3169828,ATT,6,out_of_frame,1,26.5314,2,True,0.0,False
794,b3025,qseB,3169828,ATG,27,out_of_frame,1,26.278000000000002,2,True,0.0,False
795,b3026,qseC,3170484,ATG,121,out_of_frame,1,98.9376,3,True,0.0,False
796,b3030,parE,3175396,CTG,19,out_of_frame,-1,5.70301,3,True,0.0,False
797,b3032,cpdA,3176833,CTG,9,out_of_frame,-1,26.4899,4,True,0.0,False
798,b3032,cpdA,3176833,GTG,31,out_of_frame,-1,11.6302,1,False,0.0,False
799,b3033,yqiB,3177280,ATG,-14,out_of_frame,-1,7.39002,1,False,0.0,False
800,b3034,nudF,3177910,ATG,43,out_of_frame,-1,11.0623,2,True,0.0,False
801,b3043,ygiL,3185414,ATT,84,out_of_frame,1,17.8087,5,True,0.0,False
802,b3046,yqiG,3187427,ATC,67,out_of_frame,1,83.9554,5,True,0.0,False
803,b3048,yqiI,3190632,TTG,100,out_of_frame,1,22.4459,3,True,0.0,False
804,b3049,glgS,3191939,ATG,-8,out_of_frame,-1,134.308,1,False,0.0,False
805,b3050,yqiJ,3192208,ATT,-13,out_of_frame,1,36.5866,1,False,0.0,False
806,b3052,hldE,3196753,GTG,49,out_of_frame,-1,81.7584,3,True,0.0,False
807,b3061,ttdA,3206463,CTG,-11,out_of_frame,1,95.4696,4,True,0.0,False
808,b3067,rpoD,3213047,GTG,-14,out_of_frame,1,20.910999999999998,5,True,0.0,False
809,b3082,higA,3234144,ATC,18,out_of_frame,-1,10.9033,1,False,0.0,False
810,b3091,uxaA,3243314,CTG,-11,out_of_frame,-1,5.93624,1,False,0.0,False
811,b3094,exuR,3246652,ATG,-15,out_of_frame,1,11.9734,4,True,0.0,False
812,b3097,yqjC,3248969,ATG,109,out_of_frame,1,17.3774,1,False,0.0,False
813,b3101,yqjF,3250562,GTG,-12,out_of_frame,1,25.6833,5,True,0.0,False
814,b3104,yhaI,3252911,ATG,-8,out_of_frame,1,21.6158,4,True,0.0,False
815,b3107,yhaL,3255043,ATG,-6,out_of_frame,1,24.2647,1,False,5.48703424,True
816,b3118,tdcA,3267065,ATT,132,in_frame,-1,42.9227,5,True,0.0,False
817,b3119,tdcR,3267380,ATT,97,out_of_frame,1,18.4145,5,True,0.0,False
818,b3121,yhaC,3268415,GTG,37,out_of_frame,1,5.00264,1,False,0.0,False
819,b3124,garK,3271770,CTG,94,in_frame,-1,6.26981,3,True,0.0,False
820,b3124,garK,3271770,GTG,130,in_frame,-1,9.086089999999999,1,False,0.0,False
821,b3125,garR,3272751,ATG,-6,out_of_frame,-1,94.1319,5,True,0.0,False
822,b3130,yhaV,3277337,ATC,106,in_frame,1,8.08399,1,False,0.0,False
823,b3141,agaI,3286270,CTG,52,out_of_frame,1,6.46354,1,False,0.0,False
824,b3145,yraK,3291341,ATG,124,out_of_frame,1,21.1318,2,True,0.0,False
825,b3151,yraQ,3298138,ATG,91,in_frame,-1,11.9133,2,True,0.0,False
826,b3156,yhbS,3300758,GTG,-7,out_of_frame,-1,8.025360000000001,1,False,0.0,False
827,b3156,yhbS,3300758,CTG,129,in_frame,-1,7.37487,1,False,0.0,False
828,b3160,yhbW,3303448,GTG,-10,out_of_frame,1,7.7534600000000005,1,False,0.0,False
829,b3165,rpsO,3311684,TTG,-13,out_of_frame,-1,19.5103,2,True,0.0,False
830,b3168,infB,3316014,ATG,7,out_of_frame,-1,217.111,4,True,0.0,False
831,b3170,rimP,3318006,ATT,20,out_of_frame,-1,14.4166,1,False,0.0,False
832,b3173,yhbX,3321613,TTG,56,out_of_frame,-1,38.6462,5,True,0.0,False
833,b3178,ftsH,3326935,TTG,-9,out_of_frame,-1,22.4634,4,True,0.0,False
834,b3189,murA,3336494,ATT,8,out_of_frame,-1,95.8279,1,False,0.0,False
835,b3190,ibaG,3336803,ATT,15,out_of_frame,-1,7.099289999999999,3,True,0.0,False
836,b3193,mlaD,3338461,ATT,-9,out_of_frame,-1,18.9348,3,True,0.0,False
837,b3193,mlaD,3338461,ATG,16,out_of_frame,-1,10.1764,3,True,0.0,False
838,b3194,mlaE,3339248,CTG,15,out_of_frame,-1,16.4269,1,False,0.0,False
839,b3202,rpoN,3344717,CTG,-6,out_of_frame,1,167.79,5,True,9.55150405,True
840,b3204,ptsN,3346578,ATG,10,out_of_frame,1,6.60349,2,True,0.0,False
841,b3205,yhbJ,3347115,ATG,9,out_of_frame,1,14.0531,2,True,0.0,False
842,b3207,yrbL,3348452,GTG,133,in_frame,1,17.4833,4,True,0.0,False
843,b3215,yhcA,3362112,ATT,-6,out_of_frame,1,12.6224,2,True,0.0,False
844,b3219,yhcF,3366926,ATG,7,out_of_frame,1,35.6125,3,True,0.0,False
845,b3226,nanR,3374489,ATG,9,out_of_frame,-1,6.24028,2,True,0.0,False
846,b3237,argR,3384703,TTG,96,out_of_frame,1,5.50291,2,True,0.0,False
847,b3239,yhcO,3386129,GTG,55,out_of_frame,-1,21.7115,5,True,0.0,False
848,b3243,aaeR,3389520,CTG,117,out_of_frame,1,19.0602,2,True,0.0,False
849,b3243,aaeR,3389520,ATG,124,out_of_frame,1,14.4166,3,True,0.0,False
850,b3247,rng,3397795,ATT,84,out_of_frame,-1,25.4554,3,True,0.0,False
851,b3249,mreD,3398875,ATT,133,in_frame,-1,11.0058,5,True,0.0,False
852,b3256,accC,3405917,ATG,136,in_frame,1,8.3592,5,True,0.0,False
853,b3261,fis,3411271,CTG,123,out_of_frame,1,5.3305,1,False,0.0,False
854,b3267,yhdV,3418390,ATT,8,out_of_frame,1,16.4237,1,False,5.89348122,True
855,b3271,yhdZ,3422436,ATG,59,out_of_frame,1,10.0553,3,True,0.0,False
856,b3281,aroE,3430838,ATC,91,out_of_frame,-1,10.7057,5,True,0.0,False
857,b3283,yrdD,3431962,TTG,-5,out_of_frame,-1,15.7425,2,True,0.0,False
858,b3283,yrdD,3431962,GTG,24,out_of_frame,-1,7.41717,1,False,0.0,False
859,b3284,smg,3432464,TTG,-16,out_of_frame,-1,31.7407,5,True,0.0,False
860,b3284,smg,3432464,GTG,58,out_of_frame,-1,29.925,2,True,0.0,False
861,b3287,def,3433690,ATC,-14,out_of_frame,1,8.23805,3,True,0.0,False
862,b3287,def,3433690,TTG,9,out_of_frame,1,11.1456,2,True,100.3924042,True
863,b3292,zntR,3439130,GTG,90,out_of_frame,-1,54.5165,2,True,0.0,False
864,b3299,rpmJ,3442734,GTG,70,out_of_frame,-1,98.0007,2,True,0.0,False
865,b3301,rplO,3444539,TTG,-14,out_of_frame,-1,15.5069,2,True,0.0,False
866,b3303,rpsE,3445229,TTG,136,in_frame,-1,7.995760000000001,1,False,0.0,False
867,b3316,rpsS,3450526,GTG,66,out_of_frame,-1,9.502239999999999,2,True,0.0,False
868,b3318,rplW,3451684,ATG,-8,out_of_frame,-1,51.0568,2,True,0.0,False
869,b3321,rpsJ,3453270,CTG,-8,out_of_frame,-1,19.7085,4,True,0.0,False
870,b3324,gspC,3455578,ATG,100,out_of_frame,1,10.9095,2,True,0.0,False
871,b3331,gspJ,3462344,CTG,30,out_of_frame,1,9.207230000000001,4,True,0.0,False
872,b3340,fusA,3473514,ATC,117,in_frame,-1,8.1169,4,True,0.0,False
873,b3348,slyX,3477640,ATG,100,out_of_frame,1,10.2781,3,True,0.0,False
874,b3355,prkB,3484490,CTG,109,in_frame,1,10.5399,3,True,0.0,False
875,b3360,pabA,3490829,CTG,63,out_of_frame,-1,6.896789999999999,2,True,0.0,False
876,b3363,ppiA,3492297,ATC,8,out_of_frame,-1,12.3065,5,True,0.0,False
877,b3374,frlD,3503167,CTG,134,in_frame,1,8.72264,5,True,0.0,False
878,b3375,frlR,3504052,TTG,122,in_frame,1,11.2041,2,True,0.0,False
879,b3383,yhfZ,3512344,GTG,71,out_of_frame,-1,128.907,3,True,0.0,False
880,b3387,dam,3515913,TTG,21,out_of_frame,-1,7.099289999999999,1,False,0.0,False
881,b3395,hofM,3522751,ATC,-9,out_of_frame,-1,31.4745,2,True,0.0,False
882,b3398,yrfF,3526469,ATG,-11,out_of_frame,1,23.401,2,True,0.0,False
883,b3399,yrfG,3528669,ATT,-9,out_of_frame,1,20.874000000000002,4,True,13.81919734,True
884,b3399,yrfG,3528669,ATT,12,out_of_frame,1,17.6876,2,True,0.0,False
885,b3410,feoC,3542728,ATG,105,in_frame,1,5.72182,3,True,0.0,False
886,b3411,yhgA,3543167,GTG,-13,out_of_frame,1,13.757,2,True,0.0,False
887,b3415,gntT,3546559,CTG,100,out_of_frame,1,5.08821,1,False,0.0,False
888,b3415,gntT,3546559,ATG,111,out_of_frame,1,8.84379,1,False,0.0,False
889,b3427,yzgL,3564005,ATG,14,out_of_frame,-1,10.0317,3,True,0.0,False
890,b3427,yzgL,3564005,TTG,125,in_frame,-1,7.50396,2,True,0.0,False
891,b3431,glgX,3571319,ATC,-23,out_of_frame,-1,5.3305,1,False,0.0,False
892,b3438,gntR,3578726,GTG,40,out_of_frame,-1,12.4142,2,True,0.0,False
893,b3443,yrhA,3583038,ATG,36,out_of_frame,1,37.3135,5,True,0.0,False
894,b3443,yrhA,3584196,ATC,133,in_frame,1,26.2138,5,True,0.0,False
895,b3454,livF,3593437,GTG,-12,out_of_frame,-1,5.08821,1,False,0.0,False
896,b3463,ftsE,3602747,ATT,106,out_of_frame,-1,5.827780000000001,1,False,0.0,False
897,b3464,ftsY,3604243,ATG,88,out_of_frame,-1,11.5365,3,True,0.0,False
898,b3478,nikC,3616182,ATG,-16,out_of_frame,1,23.6238,5,True,0.0,False
899,b3481,nikR,3618588,ATT,31,out_of_frame,1,9.4304,3,True,0.0,False
900,b3482,rhsB,3619192,ATT,-8,out_of_frame,1,54.7982,3,True,0.0,False
901,b3483,yhhH,3623399,ATG,23,out_of_frame,1,89.21799999999999,4,True,0.0,False
902,b3488,yhiJ,3632590,ATG,-12,out_of_frame,-1,48.504,2,True,0.0,False
903,b3488,yhiJ,3632590,ATT,6,out_of_frame,-1,57.7875,4,True,0.0,False
904,b3497,rsmJ,3643132,ATT,-5,out_of_frame,-1,8.15076,1,False,0.0,False
905,b3501,arsR,3648528,ATC,-14,out_of_frame,1,55.1744,3,True,0.0,False
906,b3504,yhiS,3651291,ATG,76,out_of_frame,1,41.9171,1,False,0.0,False
907,b3508,yhiD,3655902,ATG,135,in_frame,-1,5.3305,1,False,0.0,False
908,b3511,hdeD,3656995,GTG,-8,out_of_frame,1,10.2114,2,True,0.0,False
909,b3511,hdeD,3656995,ATT,24,out_of_frame,1,13.932,5,True,0.0,False
910,b3519,treF,3669592,ATG,79,out_of_frame,1,105.43,4,True,0.0,False
911,b3519,treF,3669592,CTG,90,out_of_frame,1,74.0213,2,True,0.0,False
912,b3521,yhjC,3672414,ATG,18,in_frame,1,18.1722,5,True,0.0,False
913,b3530,bcsC,3689173,CTG,-16,out_of_frame,-1,7.62909,4,True,0.0,False
914,b3532,bcsB,3692607,ATG,-14,out_of_frame,-1,6.26981,2,True,0.0,False
915,b3535,yhjR,3696185,ATG,58,out_of_frame,-1,6.541980000000001,1,False,0.0,False
916,b3537,bcsF,3698026,ATG,133,in_frame,1,7.7534600000000005,4,True,0.0,False
917,b3546,eptB,3710475,TTG,-4,out_of_frame,-1,15.2983,3,True,0.0,False
918,b3547,yhjX,3712007,CTG,-5,out_of_frame,-1,12.5066,4,True,0.0,False
919,b3548,yhjY,3712934,TTG,109,in_frame,-1,5.893619999999999,1,False,0.0,False
920,b3550,yiaC,3713652,ATT,108,in_frame,1,8.37081,1,False,0.0,False
921,b3553,ghrB,3717310,GTG,-16,out_of_frame,1,62.9969,1,False,0.0,False
922,b3556,cspA,3720049,ATG,29,out_of_frame,1,225.27,4,True,221.10715750000003,True
923,b3557,insJ,3720680,GTG,42,out_of_frame,1,11.1456,5,True,0.0,False
924,b3561,wecH,3725887,CTG,30,out_of_frame,1,44.5824,1,False,0.0,False
925,b3564,xylB,3729371,ATC,-6,out_of_frame,-1,76.9267,4,True,0.0,False
926,b3565,xylA,3730765,ATT,-15,out_of_frame,-1,7.0265699999999995,3,True,0.0,False
927,b3565,xylA,3730765,GTG,96,in_frame,-1,5.72182,3,True,0.0,False
928,b3567,xylG,3732201,GTG,-11,out_of_frame,1,62.6221,4,True,0.0,False
929,b3576,yiaL,3743743,ATG,-15,out_of_frame,1,72.038,4,True,0.0,False
930,b3577,yiaM,3744328,ATG,82,out_of_frame,1,28.5909,2,True,0.0,False
931,b3582,sgbU,3749232,CTG,-14,out_of_frame,1,36.9919,3,True,0.0,False
932,b3582,sgbU,3749232,GTG,-6,out_of_frame,1,35.7398,2,True,0.0,False
933,b3591,selA,3761249,ATT,113,out_of_frame,-1,21.8066,4,True,0.0,False
934,b3593,rhsA,3762183,ATG,-7,out_of_frame,1,114.111,3,True,0.0,False
935,b3596,yibG,3768177,ATG,90,out_of_frame,1,44.5824,3,True,0.0,False
936,b3597,yibH,3771379,GTG,27,out_of_frame,-1,66.9947,5,True,0.0,False
937,b3598,yibI,3771744,ATC,-13,out_of_frame,-1,15.1435,1,False,0.0,False
938,b3599,mtlA,3772281,ATT,12,out_of_frame,1,28.8152,3,True,0.0,False
939,b3604,lldR,3779054,ATC,40,out_of_frame,1,102.976,5,True,0.0,False
940,b3605,lldD,3779827,ATT,3,out_of_frame,1,299.356,3,True,0.0,False
941,b3608,gpsA,3783661,ATG,13,out_of_frame,-1,7.09122,2,True,0.0,False
942,b3611,yibN,3785015,GTG,108,out_of_frame,-1,15.0079,5,True,0.0,False
943,b3617,kbl,3792551,ATC,16,out_of_frame,-1,27.5872,3,True,0.0,False
944,b3619,hldD,3793987,ATC,6,out_of_frame,1,69.5367,5,True,19.30623158,True
945,b3625,waaY,3800965,ATT,-3,out_of_frame,-1,31.3491,2,True,0.0,False
946,b3627,waaO,3803058,ATT,132,in_frame,-1,22.1951,3,True,0.0,False
947,b3629,waaS,3805116,ATT,31,out_of_frame,-1,38.7474,3,True,0.0,False
948,b3631,waaG,3807067,GTG,40,out_of_frame,-1,50.6487,1,False,0.0,False
949,b3631,waaG,3807067,GTG,52,out_of_frame,-1,67.714,3,True,0.0,False
950,b3632,waaQ,3808098,ATT,129,out_of_frame,-1,26.5314,3,True,0.0,False
951,b3634,coaD,3809825,ATT,-12,out_of_frame,1,23.7125,1,False,0.0,False
952,b3638,yicR,3812559,ATG,39,out_of_frame,-1,19.5718,1,False,0.0,False
953,b3643,rph,3816549,ATT,-8,out_of_frame,-1,6.646,2,True,0.0,False
954,b3645,dinD,3817760,ATG,62,out_of_frame,1,171.793,3,True,23.57392488,True
955,b3647,ligB,3821170,ATG,136,in_frame,-1,98.1186,4,True,0.0,False
956,b3654,xanP,3828945,TTG,76,out_of_frame,1,7.147589999999999,2,True,0.0,False
957,b3659,setC,3836953,ATG,127,out_of_frame,1,13.4174,3,True,0.0,False
958,b3663,yicN,3842402,ATG,132,in_frame,-1,16.1059,2,True,0.0,False
959,b3664,adeQ,3843789,ATG,31,out_of_frame,-1,364.092,5,True,0.0,False
960,b3665,adeD,3843964,ATG,106,out_of_frame,1,6.29969,2,True,0.0,False
961,b3666,uhpT,3847167,ATG,84,out_of_frame,-1,52.556000000000004,4,True,0.0,False
962,b3668,uhpB,3850136,ATG,-10,out_of_frame,-1,35.9809,5,True,0.0,False
963,b3668,uhpB,3850136,TTG,97,in_frame,-1,13.0478,2,True,0.0,False
964,b3673,emrD,3853922,GTG,-6,out_of_frame,1,158.484,5,True,0.0,False
965,b3674,yidF,3855611,ATG,22,out_of_frame,-1,367.805,5,True,0.0,False
966,b3680,yidL,3860283,ATG,25,out_of_frame,1,77.1712,5,True,0.0,False
967,b3680,yidL,3860283,ATG,73,out_of_frame,1,261.19,4,True,0.0,False
968,b3683,glvC,3863603,ATG,-8,out_of_frame,-1,282.769,3,True,0.0,False
969,b3685,yidE,3866273,ATG,-7,out_of_frame,-1,42.7601,2,True,0.0,False
970,b3685,yidE,3866273,GTG,4,out_of_frame,-1,31.8619,1,False,0.0,False
971,b3688,yidQ,3867728,ATG,42,out_of_frame,1,29.9235,1,False,0.0,False
972,b3693,dgoK,3874474,ATC,-5,out_of_frame,-1,44.2649,3,True,0.0,False
973,b3696,yidX,3875438,ATT,-7,out_of_frame,1,37.3681,1,False,0.0,False
974,b3698,yidB,3877465,ATG,13,out_of_frame,-1,48.8226,5,True,0.0,False
975,b3707,tnaC,3888435,ATG,32,out_of_frame,1,42.5229,5,True,0.0,False
976,b3708,tnaA,3888730,ATT,-8,out_of_frame,1,125.396,3,True,0.0,False
977,b3709,tnaB,3890236,ATG,45,out_of_frame,1,37.2998,1,False,0.0,False
978,b3710,mdtL,3891615,ATT,15,out_of_frame,1,5.45165,3,True,0.0,False
979,b3712,yieE,3893881,ATG,-12,out_of_frame,1,16.7088,5,True,0.0,False
980,b3713,chrR,3894652,CTG,4,out_of_frame,1,54.0319,1,False,0.0,False
981,b3723,bglG,3906567,ATT,48,out_of_frame,-1,10.6368,2,True,0.0,False
982,b3725,pstB,3908366,ATT,-6,out_of_frame,-1,178.188,3,True,0.0,False
983,b3725,pstB,3908366,ATG,6,out_of_frame,-1,252.733,5,True,0.0,False
984,b3728,pstS,3911525,ATG,9,out_of_frame,-1,11.3879,1,False,0.0,False
985,b3729,glmS,3913668,GTG,31,out_of_frame,-1,15.5082,5,True,0.0,False
986,b3730,glmU,3915200,TTG,3,out_of_frame,-1,26.5959,1,False,0.0,False
987,b3731,atpC,3915972,ATG,6,out_of_frame,-1,250.793,3,True,0.0,False
988,b3743,asnC,3927003,ATG,135,in_frame,-1,43.7633,3,True,0.0,False
989,b3746,ravA,3931093,ATG,67,out_of_frame,-1,27.0885,2,True,0.0,False
990,b3765,yifB,3949969,ATG,-21,out_of_frame,-1,88.8014,1,False,0.0,False
991,b3775,ppiC,3959813,ATC,27,out_of_frame,-1,16.9089,1,False,0.0,False
992,b3777,yifN,3960254,ATG,25,out_of_frame,-1,17.4301,6,True,0.0,False
993,b3780,rhlB,3965630,ATT,13,out_of_frame,-1,262.73900000000003,5,True,0.0,False
994,b3785,wzzE,3969031,GTG,77,out_of_frame,1,37.677,5,True,0.0,False
995,b3788,rffG,3972522,CTG,-9,out_of_frame,1,66.5157,2,True,0.0,False
996,b3789,rffH,3973608,ATT,9,out_of_frame,1,5.3305,1,False,0.0,False
997,b3790,wecD,3974467,CTG,-13,out_of_frame,1,6.60349,2,True,0.0,False
998,b3791,wecE,3975146,ATT,8,out_of_frame,1,16.7416,4,True,0.0,False
999,b3793,wzyE,3978601,ATT,-20,out_of_frame,1,128.174,5,True,0.0,False
1000,b3806,cyaA,3991153,ATG,37,out_of_frame,1,9.11252,4,True,0.0,False
1001,b3807,cyaY,3994059,CTG,68,out_of_frame,-1,33.8002,1,False,0.0,False
1002,b3809,dapF,3994762,ATT,-13,out_of_frame,1,14.8916,1,False,0.0,False
1003,b3809,dapF,3994762,ATG,-3,out_of_frame,1,17.1793,2,True,0.0,False
1004,b3811,xerC,3996287,ATG,19,out_of_frame,1,16.0507,3,True,0.0,False
1005,b3816,corA,4001426,TTG,-15,out_of_frame,1,10.7019,1,False,0.0,False
1006,b3818,yigG,4003193,ATG,112,out_of_frame,-1,51.8513,5,True,0.0,False
1007,b3820,yigI,4004697,ATG,-5,out_of_frame,-1,9.78589,2,True,0.0,False
1008,b3826,yigL,4010200,ATG,28,out_of_frame,1,6.144419999999999,1,False,0.0,False
1009,b3833,ubiE,4018855,TTG,-19,out_of_frame,1,143.243,2,True,0.0,False
1010,b3835,ubiB,4020226,CTG,-20,out_of_frame,1,5.69395,1,False,0.0,False
1011,b3835,ubiB,4020226,GTG,10,out_of_frame,1,6.67545,3,True,0.0,False
1012,b3835,ubiB,4020226,TTG,61,out_of_frame,1,6.80757,1,False,0.0,False
1013,b3836,tatA,4021945,ATC,9,out_of_frame,1,34.9856,1,False,16.25787923,True
1014,b3842,rfaH,4024821,ATT,-3,out_of_frame,-1,20.6904,3,True,0.0,False
1015,b3843,ubiD,4024988,ATT,-14,out_of_frame,1,9.207230000000001,2,True,0.0,False
1016,b3843,ubiD,4024988,ATG,9,out_of_frame,1,7.14772,1,False,17.47722017,True
1017,b3844,fre,4026527,TTG,108,in_frame,1,12.0794,1,False,0.0,False
1018,b3850,hemG,4034608,ATG,-15,out_of_frame,1,22.5335,1,False,0.0,False
1019,b3858,yihD,4042069,ATG,5,out_of_frame,1,36.2191,3,True,9.95795103,True
1020,b3859,srkA,4042415,GTG,118,in_frame,1,14.5377,5,True,0.0,False
1021,b3860,dsbA,4043418,ATT,9,out_of_frame,1,40.948,2,True,126.40501100000002,True
1022,b3872,yihL,4060447,CTG,105,out_of_frame,1,6.663130000000001,1,False,0.0,False
1023,b3874,yihN,4062247,ATG,17,out_of_frame,1,24.2296,4,True,0.0,False
1024,b3874,yihN,4062247,ATT,35,out_of_frame,1,32.7415,3,True,0.0,False
1025,b3876,yihO,4065766,ATG,127,in_frame,-1,5.38933,1,False,0.0,False
1026,b3887,dtd,4077015,ATG,106,in_frame,1,24.8193,2,True,0.0,False
1027,b3888,yiiD,4077449,ATG,48,out_of_frame,1,67.8141,4,True,5.89348122,True
1028,b3889,yiiE,4079297,ATG,-6,out_of_frame,1,132.899,5,True,0.0,False
1029,b3890,yiiF,4079751,CTG,-15,out_of_frame,1,5.3305,1,False,0.0,False
1030,b3890,yiiF,4079751,GTG,33,out_of_frame,1,5.40394,2,True,0.0,False
1031,b3891,fdhE,4081228,CTG,-4,out_of_frame,-1,21.3174,3,True,0.0,False
1032,b3895,fdhD,4086016,ATG,31,out_of_frame,1,10.2825,3,True,0.0,False
1033,b3905,rhaS,4097736,TTG,-22,out_of_frame,1,5.3305,1,False,0.0,False
1034,b3905,rhaS,4097736,ATC,-14,out_of_frame,1,5.10568,1,False,0.0,False
1035,b3912,cpxR,4105670,ATT,-9,out_of_frame,-1,42.2585,2,True,0.0,False
1036,b3919,tpiA,4111507,ATT,-6,out_of_frame,-1,41.2554,3,True,0.0,False
1037,b3921,yiiR,4112315,ATT,60,out_of_frame,1,15.4701,1,False,0.0,False
1038,b3922,yiiS,4112967,ATG,20,out_of_frame,1,28.927,2,True,0.0,False
1039,b3922,yiiS,4112967,ATT,42,out_of_frame,1,30.7759,2,True,0.0,False
1040,b3928,zapB,4118515,ATG,6,out_of_frame,1,78.0192,1,False,2103.5663489999997,True
1041,b3934,cytR,4124456,GTG,-20,out_of_frame,-1,17.5664,3,True,0.0,False
1042,b3934,cytR,4124456,GTG,-6,out_of_frame,-1,10.9033,1,False,0.0,False
1043,b3940,metL,4129835,GTG,6,out_of_frame,1,80.3174,4,True,0.0,False
1044,b3941,metF,4132616,ATG,108,out_of_frame,1,15.8704,5,True,0.0,False
1045,b3943,yijE,4136108,ATC,60,out_of_frame,1,26.6525,4,True,0.0,False
1046,b3943,yijE,4136108,CTG,74,in_frame,1,5.5099,1,False,0.0,False
1047,b3953,frwD,4147138,ATT,108,out_of_frame,1,24.8285,1,False,0.0,False
1048,b3958,argC,4155001,ATG,58,out_of_frame,1,65.2061,2,True,0.0,False
1049,b3962,sthA,4160790,ATG,22,out_of_frame,-1,13.3315,2,True,0.0,False
1050,b3964,yijD,4161771,ATG,-16,out_of_frame,1,20.9586,1,False,0.0,False
1051,b3967,murI,4165428,ATT,-15,out_of_frame,1,6.3575800000000005,2,True,0.0,False
1052,b3973,birA,4173082,GTG,-28,out_of_frame,1,7.39002,1,False,0.0,False
1053,b3973,birA,4173082,GTG,130,in_frame,1,12.4782,5,True,0.0,False
1054,b3974,coaA,4175026,ATG,24,out_of_frame,-1,7.804119999999999,2,True,0.0,False
1055,b3974,coaA,4175026,ATG,127,out_of_frame,-1,10.661,5,True,0.0,False
1056,b3974,coaA,4175026,ATC,133,in_frame,-1,7.899960000000001,2,True,0.0,False
1057,b3982,nusG,4177743,TTG,115,out_of_frame,1,28.3972,4,True,0.0,False
1058,b3983,rplK,4178447,ATT,-7,out_of_frame,1,55.736999999999995,2,True,1535.556693,True
1059,b3987,rpoB,4181245,CTG,-12,out_of_frame,1,9.11252,1,False,0.0,False
1060,b3987,rpoB,4181245,ATC,124,in_frame,1,8.72264,1,False,0.0,False
1061,b3993,thiE,4194204,ATC,-26,out_of_frame,-1,44.5824,2,True,0.0,False
1062,b3998,nfi,4198790,GTG,-6,out_of_frame,1,15.4237,3,True,7.51926914,True
1063,b4000,hupA,4200281,ATG,118,in_frame,1,15.2582,1,False,8.94183358,True
1064,b4005,purD,4205931,ATT,-16,out_of_frame,-1,18.6568,4,True,0.0,False
1065,b4015,aceA,4217109,ATG,91,out_of_frame,1,34.8906,1,False,0.0,False
1066,b4023,yjbD,4231631,CTG,-14,out_of_frame,-1,7.23305,2,True,0.0,False
1067,b4023,yjbD,4231631,ATG,30,out_of_frame,-1,11.5365,3,True,0.0,False
1068,b4025,pgi,4233758,ATG,58,out_of_frame,1,94.5488,3,True,0.0,False
1069,b4027,yjbF,4236262,CTG,-13,out_of_frame,1,15.1435,4,True,0.0,False
1070,b4028,yjbG,4236897,ATG,85,out_of_frame,1,6.46354,3,True,0.0,False
1071,b4030,psiE,4240325,CTG,-19,out_of_frame,1,105.035,4,True,0.0,False
1072,b4033,malF,4245075,ATG,-15,out_of_frame,-1,7.147589999999999,2,True,0.0,False
1073,b4037,malM,4249554,TTG,-14,out_of_frame,1,6.4208300000000005,1,False,0.0,False
1074,b4037,malM,4249554,GTG,-9,out_of_frame,1,11.9133,2,True,0.0,False
1075,b4037,malM,4249554,ATG,6,out_of_frame,1,7.51116,2,True,0.0,False
1076,b4038,yjbI,4250703,GTG,108,out_of_frame,1,12.0551,1,False,0.0,False
1077,b4046,zur,4260003,TTG,-12,out_of_frame,-1,8.40155,2,True,0.0,False
1078,b4049,dusA,4261669,ATT,-8,out_of_frame,1,11.4111,2,True,0.0,False
1079,b4049,dusA,4261669,ATG,18,out_of_frame,1,28.6151,5,True,191.8429749,True
1080,b4057,yjbR,4270658,ATG,111,out_of_frame,1,21.1318,2,True,0.0,False
1081,b4062,soxS,4277383,ATG,35,out_of_frame,-1,129.769,2,True,0.0,False
1082,b4067,actP,4284902,ATG,-16,out_of_frame,-1,10.5399,2,True,0.0,False
1083,b4067,actP,4284902,CTG,95,out_of_frame,-1,9.69183,1,False,0.0,False
1084,b4078,yjcO,4297125,ATT,17,out_of_frame,-1,5.26664,1,False,0.0,False
1085,b4090,rpiB,4313350,ATG,-4,out_of_frame,1,36.8744,2,True,0.0,False
1086,b4112,basS,4333272,ATT,-10,out_of_frame,-1,11.0623,2,True,0.0,False
1087,b4113,basR,4333950,GTG,-8,out_of_frame,-1,37.5835,2,True,0.0,False
1088,b4114,eptA,4335590,ATG,-14,out_of_frame,-1,11.1456,5,True,0.0,False
1089,b4120,melB,4343369,TTG,37,in_frame,1,29.3178,2,True,0.0,False
1090,b4129,lysU,4354717,CTG,54,out_of_frame,-1,25.2133,3,True,0.0,False
1091,b4137,cutA,4365356,GTG,-6,out_of_frame,-1,10.7787,2,True,0.0,False
1092,b4138,dcuA,4366773,ATT,69,out_of_frame,-1,220.00400000000002,5,True,0.0,False
1093,b4138,dcuA,4366773,GTG,93,out_of_frame,-1,42.5473,1,False,0.0,False
1094,b4140,fxsA,4368664,TTG,67,out_of_frame,1,19.1414,5,True,0.0,False
1095,b4148,sugE,4376875,ATT,99,out_of_frame,1,8.80465,3,True,0.0,False
1096,b4149,blc,4377722,CTG,125,out_of_frame,-1,9.78091,2,True,0.0,False
1097,b4157,yjeN,4385393,ATG,-5,out_of_frame,1,187.125,4,True,0.0,False
1098,b4168,tsaE,4395585,ATC,7,out_of_frame,1,10.4187,5,True,0.0,False
1099,b4173,hflX,4400672,ATG,69,out_of_frame,1,10.9033,5,True,0.0,False
1100,b4178,nsrR,4406190,TTG,-5,out_of_frame,1,6.52061,1,False,27.02872422,True
1101,b4180,rlmB,4409275,ATT,-4,out_of_frame,1,17.5555,3,True,6.09670471,True
1102,b4181,yjfI,4410133,ATG,5,out_of_frame,1,33.9179,5,True,0.0,False
1103,b4192,ulaG,4419625,ATG,-6,out_of_frame,-1,459.452,3,True,0.0,False
1104,b4195,ulaC,4421708,ATT,5,out_of_frame,1,7.0265699999999995,3,True,0.0,False
1105,b4205,ytfA,4427694,GTG,100,out_of_frame,1,7.52378,3,True,0.0,False
1106,b4212,ytfH,4434113,ATG,-5,out_of_frame,1,35.8143,2,True,0.0,False
1107,b4215,ytfI,4437707,ATT,47,out_of_frame,1,22.1701,5,True,0.0,False
1108,b4215,ytfI,4437707,ATT,110,out_of_frame,1,12.2359,1,False,0.0,False
1109,b4219,msrA,4442176,TTG,133,in_frame,-1,11.6556,2,True,0.0,False
1110,b4221,tamB,4444112,CTG,-14,out_of_frame,1,10.6368,1,False,0.0,False
1111,b4221,tamB,4444112,ATT,-3,out_of_frame,1,30.7283,4,True,0.0,False
1112,b4225,chpB,4448692,GTG,13,out_of_frame,1,16.3015,3,True,0.0,False
1113,b4236,cybC,4459490,GTG,-20,out_of_frame,1,14.5377,5,True,0.0,False
1114,b4236,cybC,4459490,TTG,4,out_of_frame,1,18.1722,5,True,0.0,False
1115,b4236,cybC,4459490,GTG,90,out_of_frame,1,9.80518,2,True,0.0,False
1116,b4261,lptF,4486218,ATT,-7,out_of_frame,1,79.2799,2,True,142.66289019999996,True
1117,b4267,idnD,4494406,ATG,82,out_of_frame,-1,10.1764,1,False,0.0,False
1118,b4268,idnK,4494623,ATT,50,out_of_frame,1,14.78,2,True,0.0,False
1119,b4278,insG,4503431,TTG,19,out_of_frame,-1,12.1969,2,True,0.0,False
1120,b4280,yjhC,4505287,GTG,124,in_frame,1,74.5059,4,True,0.0,False
1121,b4290,fecB,4514308,ATG,-8,out_of_frame,-1,5.3028,1,False,0.0,False
1122,b4291,fecA,4516677,ATG,-14,out_of_frame,-1,16.7184,5,True,0.0,False
1123,b4293,fecI,4518235,ATG,49,out_of_frame,-1,7.022189999999999,1,False,0.0,False
1124,b4300,sgcR,4526888,CTG,-3,out_of_frame,-1,9.11252,3,True,0.0,False
1125,b4308,yjhR,4534791,GTG,28,out_of_frame,1,8.964939999999999,4,True,0.0,False
1126,b4308,yjhR,4535003,ATG,52,out_of_frame,1,13.3263,3,True,0.0,False
1127,b4315,fimI,4543728,ATT,14,out_of_frame,1,8.79312,2,True,0.0,False
1128,b4316,fimC,4544304,ATG,19,out_of_frame,1,101.885,3,True,0.0,False
1129,b4321,gntP,4551296,GTG,6,out_of_frame,-1,12.1854,2,True,0.0,False
1130,b4327,hypT,4558289,CTG,8,out_of_frame,-1,6.66575,2,True,0.0,False
1131,b4328,iadA,4559526,TTG,4,out_of_frame,-1,26.0468,1,False,0.0,False
1132,b4341,yjiS,4571751,ATG,-15,out_of_frame,1,47.1265,5,True,0.0,False
1133,b4342,yjiT,4572414,ATG,118,out_of_frame,1,6.90543,2,True,0.0,False
1134,b4345,mcrC,4577958,ATT,-15,out_of_frame,-1,14.8343,2,True,0.0,False
1135,b4351,mrr,4586949,ATG,88,out_of_frame,1,5.803059999999999,1,False,0.0,False
1136,b4352,yjiA,4588865,TTG,133,in_frame,-1,35.1786,3,True,0.0,False
1137,b4359,opgB,4599441,GTG,-14,out_of_frame,-1,5.01585,1,False,0.0,False
1138,b4361,dnaC,4600975,ATT,-15,out_of_frame,-1,14.2954,1,False,0.0,False
1139,b4377,yjjU,4612411,TTG,25,out_of_frame,1,12.1969,2,True,0.0,False
1140,b4377,yjjU,4612411,GTG,81,out_of_frame,1,9.80518,1,False,0.0,False
1141,b4378,yjjV,4613481,ATG,-13,out_of_frame,1,8.84379,1,False,0.0,False
1142,b4383,deoB,4619603,GTG,7,out_of_frame,1,8.58273,2,True,0.0,False
1143,b4393,trpR,4632760,ATG,123,in_frame,1,6.503430000000001,2,True,0.0,False
1144,b4394,yjjX,4633745,ATG,-9,out_of_frame,-1,9.9063,2,True,0.0,False
1145,b4397,creA,4635521,ATG,58,out_of_frame,1,18.1722,3,True,0.0,False
1146,b4398,creB,4636007,ATG,31,out_of_frame,1,8.05293,4,True,0.0,False
1147,b4406,yaeP,214125,CTG,-15,out_of_frame,-1,71.8407,5,True,0.0,False
1148,b4412,hokC,16903,CTG,106,in_frame,-1,40.5845,4,True,0.0,False
1149,b4462,ygaQ,2786397,ATC,79,out_of_frame,1,21.5643,2,True,0.0,False
1150,b4467,glcF,3125459,TTG,-14,out_of_frame,-1,10.1764,2,True,0.0,False
1151,b4477,dgoA,3873612,ATC,-7,out_of_frame,-1,43.2617,3,True,0.0,False
1152,b4482,yigE,4001056,TTG,39,out_of_frame,-1,1039.89,4,True,0.0,False
1153,b4483,tatD,4023554,ATG,-12,out_of_frame,1,209.58599999999998,4,True,0.0,False
1154,b4484,cpxP,4105820,ATT,-16,out_of_frame,1,6.4208300000000005,2,True,0.0,False
1155,b4487,yjdP,4313868,GTG,130,in_frame,1,148.065,2,True,0.0,False
1156,b4492,ydbA,1465392,ATT,-7,out_of_frame,1,21.9336,4,True,0.0,False
1157,b4492,ydbA,1469241,ATT,37,out_of_frame,1,103.53200000000001,2,True,0.0,False
1158,b4492,ydbA,1469241,ATG,84,out_of_frame,1,16.1059,1,False,0.0,False
1159,b4494,arpB,1803518,ATG,130,in_frame,1,11.0349,3,True,0.0,False
1160,b4495,yedN,2011357,ATG,97,out_of_frame,-1,94.41,4,True,0.0,False
1161,b4495,yedN,2012040,ATG,-11,out_of_frame,-1,60.0893,5,True,0.0,False
1162,b4495,yedN,2012351,GTG,-6,out_of_frame,-1,57.7225,2,True,0.0,False
1163,b4496,yedS,2034713,TTG,28,out_of_frame,1,50.8606,4,True,0.0,False
1164,b4504,ykfH,264247,ATG,27,out_of_frame,-1,10.0053,5,True,0.0,False
1165,b4506,ykgO,312514,ATG,79,out_of_frame,-1,401.24199999999996,5,True,0.0,False
1166,b4509,ylcG,573730,ATG,137,in_frame,1,169.486,5,True,0.0,False
1167,b4511,ybdZ,613942,TTG,-6,out_of_frame,1,10.9205,1,False,0.0,False
1168,b4519,icdC,1211413,ATG,51,out_of_frame,1,16.4269,2,True,0.0,False
1169,b4520,ymgF,1218983,TTG,121,out_of_frame,1,10.2781,4,True,0.0,False
1170,b4522,ymiA,1335124,GTG,10,out_of_frame,1,47.7948,4,True,0.0,False
1171,b4522,ymiA,1335124,ATG,24,out_of_frame,1,48.8226,2,True,7.11282216,True
1172,b4522,ymiA,1335124,ATG,36,out_of_frame,1,35.254,2,True,0.0,False
1173,b4523,yciX,1335291,GTG,-14,out_of_frame,1,10.595999999999998,2,True,0.0,False
1174,b4523,yciX,1335291,ATT,32,out_of_frame,1,9.78091,2,True,0.0,False
1175,b4524,ycjV,1381777,ATC,57,out_of_frame,1,61.8327,5,True,0.0,False
1176,b4524,ycjV,1381777,ATT,117,in_frame,1,28.820999999999998,4,True,0.0,False
1177,b4526,ydaE,1418008,TTG,46,out_of_frame,-1,8.48035,1,False,0.0,False
1178,b4526,ydaE,1418008,ATT,121,in_frame,-1,22.8969,5,True,0.0,False
1179,b4537,yecJ,1987758,ATG,88,out_of_frame,-1,57.5569,3,True,0.0,False
1180,b4537,yecJ,1987758,ATG,120,in_frame,-1,35.6188,5,True,0.0,False
1181,b4538,yoeF,2078746,CTG,91,out_of_frame,1,15.6281,1,False,0.0,False
1182,b4538,yoeF,2078746,GTG,105,out_of_frame,1,15.8083,5,True,0.0,False
1183,b4538,yoeF,2078746,ATG,133,in_frame,1,26.7737,5,True,0.0,False
1184,b4539,yoeB,2089465,ATC,23,out_of_frame,-1,6.17854,2,True,0.0,False
1185,b4542,yohO,2215657,GTG,-7,out_of_frame,1,17.8063,1,False,38.40923968,True
1186,b4542,yohO,2215657,GTG,61,out_of_frame,1,14.8343,1,False,0.0,False
1187,b4543,ypaA,2357804,ATG,12,out_of_frame,1,42.066,3,True,0.0,False
1188,b4543,ypaA,2357804,ATT,18,out_of_frame,1,59.5493,4,True,0.0,False
1189,b4553,ysaB,3725712,ATG,117,in_frame,-1,27.7146,5,True,0.0,False
1190,b4559,ghoT,4352908,GTG,40,out_of_frame,1,13.4733,2,True,0.0,False
1191,b4569,yhcE,3365185,GTG,-6,out_of_frame,1,15.8939,4,True,0.0,False
1192,b4569,yhcE,3366751,ATG,39,out_of_frame,1,7.7534600000000005,3,True,0.0,False
1193,b4569,yhcE,3366751,ATG,131,in_frame,1,33.9214,5,True,0.0,False
1194,b4570,lomR,1427389,ATG,7,out_of_frame,1,14.8343,4,True,0.0,False
1195,b4571,wbbL,2103389,ATG,31,out_of_frame,-1,28.820999999999998,4,True,0.0,False
1196,b4572,ylbE,548357,ATC,8,out_of_frame,1,16.355,5,True,0.0,False
1197,b4575,yjgX,4500534,CTG,34,out_of_frame,-1,6.17854,2,True,0.0,False
1198,b4578,insP,1503649,TTG,109,in_frame,-1,11.5365,3,True,0.0,False
1199,b4578,insP,1503649,ATG,115,in_frame,-1,11.1059,2,True,0.0,False
1200,b4579,yaiX,381260,ATG,40,out_of_frame,-1,27.6217,5,True,0.0,False
1201,b4579,yaiX,381260,ATG,76,out_of_frame,-1,10.7822,4,True,0.0,False
1202,b4579,yaiX,382872,ATC,121,out_of_frame,-1,12.9158,3,True,0.0,False
1203,b4580,yaiT,390251,ATG,-7,out_of_frame,1,114.61200000000001,3,True,0.0,False
1204,b4580,yaiT,390251,TTG,127,out_of_frame,1,168.68900000000002,5,True,0.0,False
1205,b4590,ybfK,720583,ATG,52,out_of_frame,1,11.2857,3,True,0.0,False
1206,b4593,ymgI,1223163,ATT,123,in_frame,-1,14.78,1,False,0.0,False
1207,b4594,ymgJ,1223264,ATT,-8,out_of_frame,1,62.1191,2,True,0.0,False
1208,b4598,yncL,1517194,ATG,95,out_of_frame,-1,46.7631,5,True,0.0,False
1209,b4599,yneM,1622646,ATG,95,out_of_frame,1,529.798,4,True,605.4027778,True
1210,b4600,ydfJ,1632285,GTG,106,in_frame,-1,35.7084,3,True,0.0,False
1211,b4600,ydfJ,1652838,ATT,34,out_of_frame,-1,42.831,2,True,0.0,False
1212,b4600,ydfJ,1652838,ATG,100,out_of_frame,-1,42.2637,2,True,0.0,False
1213,b4615,yibV,3769673,GTG,31,out_of_frame,1,82.5107,3,True,0.0,False
1214,b4626,ykfN,263212,GTG,126,in_frame,-1,33.0734,1,False,0.0,False
1215,b4627,ykfL,266774,CTG,90,out_of_frame,-1,9.328380000000001,1,False,0.0,False
1216,b4630,ykgP,313805,ATG,128,in_frame,-1,28.9322,2,True,0.0,False
1217,b4636,ybfI,716870,ATT,126,out_of_frame,-1,17.9317,3,True,0.0,False
1218,b4639,yeeH,2066154,TTG,36,out_of_frame,-1,6.05739,2,True,0.0,False
1219,b4640,yoeG,2067458,GTG,93,out_of_frame,-1,32.5888,5,True,0.0,False
1220,b4640,yoeG,2067892,ATG,63,out_of_frame,-1,73.6579,5,True,0.0,False
1221,b4640,yoeG,2067892,CTG,76,out_of_frame,-1,37.9335,3,True,0.0,False
1222,b4641,yoeH,2068419,ATG,102,out_of_frame,-1,281.048,5,True,0.0,False
1223,b4644,ypjI,2775545,TTG,17,out_of_frame,1,100.979,2,True,0.0,False
1224,b4646,yrdE,3404732,ATG,123,out_of_frame,1,39.6153,5,True,0.0,False
1225,b4648,ysaC,3750914,ATT,94,out_of_frame,-1,8.90061,3,True,0.0,False
1226,b4649,ysaD,3750918,ATG,58,out_of_frame,1,9.9063,3,True,0.0,False
1227,b4651,yibW,3768892,ATG,-7,out_of_frame,1,24.5777,3,True,0.0,False
1228,b4651,yibW,3768975,ATG,124,out_of_frame,1,25.2133,5,True,0.0,False
1229,b4652,yibU,3769948,ATG,-4,out_of_frame,1,136.972,5,True,0.0,False
1230,b4653,yicT,3836425,TTG,-5,out_of_frame,1,11.4436,4,True,0.0,False
1231,b4654,yjdQ,4362271,ATG,135,in_frame,-1,115.615,3,True,0.0,False
1232,b4655,ythA,4506448,ATT,-20,out_of_frame,1,21.6991,2,True,0.0,False
1233,b4655,ythA,4506448,ATG,51,out_of_frame,1,11.9936,5,True,0.0,False
1234,b4659,yabP,58474,ATC,8,out_of_frame,1,56.3337,5,True,0.0,False
1235,b4660,yhiL,3633265,ATG,-10,out_of_frame,-1,121.43,4,True,0.0,False
1236,b4662,sgrT,77388,CTG,96,out_of_frame,1,6.3575800000000005,2,True,0.0,False
1237,b4664,ibsD,3194766,ATC,66,out_of_frame,1,8.6015,1,False,0.0,False
1238,b4664,ibsD,3194766,ATC,124,out_of_frame,1,27.6217,5,True,0.0,False
1239,b4665,ibsC,3056949,ATG,128,in_frame,-1,44.3903,3,True,0.0,False
1240,b4665,ibsC,3056949,ATC,134,in_frame,-1,30.6504,1,False,0.0,False
1241,b4668,ibsB,2153737,ATC,18,out_of_frame,-1,34.118,5,True,0.0,False
1242,b4674,ynbG,1465230,ATG,70,out_of_frame,-1,36.7078,5,True,0.0,False
1243,b4675,yoaJ,1878874,GTG,68,out_of_frame,1,12.0551,2,True,0.0,False
1244,b4675,yoaJ,1878874,CTG,104,out_of_frame,1,6.896789999999999,1,False,0.0,False
1245,b4676,yoaK,1878773,GTG,-8,out_of_frame,1,157.999,3,True,0.0,False
1246,b4688,ykgS,290429,GTG,-6,out_of_frame,1,17.0539,1,False,0.0,False
1247,b4688,ykgS,290429,ATG,81,out_of_frame,1,19.1856,1,False,0.0,False
1248,b4688,ykgS,290429,ATT,115,in_frame,1,67.3582,4,True,0.0,False
1249,b4689,rzoQ,1639334,ATG,-15,out_of_frame,-1,13.0412,3,True,0.0,False
1250,b4694,yagP,297719,TTG,82,out_of_frame,-1,133.47,5,True,0.0,False
1251,b4696,yneO,1594125,ATG,88,out_of_frame,-1,51.8513,5,True,0.0,False
1252,b4708,insI1,279931,CTG,117,out_of_frame,1,12.4782,5,True,0.0,False
