,locus_tag,gene,start_position,start_codon,pos_from_annot_start,in_frame,strand,peak,nr_peaks_Hör,peak_found_Hör,peak_meydan,peak_found_meydan,pred_RBS_region,p_value
0,b0002,thrA,337,GTG,6,out_of_frame,1,60.2105,4,True,59.74770617,True,TAACGAGGTAACA,0.0
1,b0004,thrC,3734,ATG,135,in_frame,1,28.9322,2,True,0.0,False,ACTGAAATTGATG,0.3
2,b0007,yaaJ,7959,ATC,41,out_of_frame,-1,5.9566300000000005,1,False,0.0,False,CCTTCATTAACAG,1.0
3,b0010,satP,10494,ATT,-14,out_of_frame,-1,17.9299,3,True,0.0,False,TAGGGCATTCATT,0.0
4,b0011,yaaW,11356,CTG,15,out_of_frame,-1,15.1435,5,True,0.0,False,GCCACAAAAAATG,1.0
5,b0020,nhaR,18715,ATC,-13,out_of_frame,1,124.566,5,True,0.0,False,ATAGGGGCTCCCT,0.1
6,b0023,rpsT,21078,TTG,-14,out_of_frame,-1,6.019019999999999,3,True,0.0,False,TAGGGTCCATATA,0.3
7,b0031,dapB,28374,ATG,4,out_of_frame,1,8.48035,1,False,0.0,False,AAAAGAGAATAGC,0.0
8,b0032,carA,29651,CTG,-12,out_of_frame,1,25.9256,5,True,0.0,False,TAGGGAAAGTGAG,0.1
9,b0039,caiA,40386,TTG,-7,out_of_frame,-1,23.5745,1,False,0.0,False,GGTTAACCCCCAA,1.0
10,b0039,caiA,40386,ATT,10,out_of_frame,-1,16.1085,1,False,0.0,False,TCAAGAGGTTGAA,0.0
11,b0041,fixA,42403,ATT,-15,out_of_frame,1,45.9511,2,True,0.0,False,ATAGGGGACGTTT,0.1
12,b0054,lptD,57109,ATC,-8,out_of_frame,-1,10.7787,2,True,0.0,False,GATGGAACAATAA,0.1
13,b0058,rluA,60346,ATG,6,out_of_frame,-1,20.4502,3,True,0.0,False,AACGGAGCCGAAA,0.0
14,b0066,thiQ,72927,CTG,9,out_of_frame,-1,6.39521,2,True,0.0,False,TACCGGGGCGAAA,0.1
15,b0074,leuA,83529,ATG,111,in_frame,-1,7.14772,5,True,0.0,False,GCAAATTGCGCTG,1.0
16,b0076,leuO,84368,GTG,-12,out_of_frame,1,31.6196,5,True,0.0,False,TAGGGAGGGAGTT,0.1
17,b0080,cra,88028,CTG,6,out_of_frame,1,6.30333,3,True,0.0,False,CAAGGGGCAATTG,0.1
18,b0103,coaE,113219,TTG,31,out_of_frame,-1,15.0334,2,True,0.0,False,TTAACGGGAGGCA,0.3
19,b0113,pdhR,122092,ATG,37,out_of_frame,1,19.938,3,True,0.0,False,AAAATCCGCCAAC,1.0
20,b0121,speE,136464,ATC,-8,out_of_frame,-1,44.1395,1,False,0.0,False,GGTACGGGTGTTA,0.0
21,b0128,yadH,143702,ATC,7,out_of_frame,1,142.954,5,True,6.50315169,True,CAAGGAGATCGCG,0.0
22,b0136,yadK,151599,CTG,21,out_of_frame,-1,9.502239999999999,2,True,0.0,False,ATATATGCATCCC,1.0
23,b0136,yadK,151599,ATG,109,out_of_frame,-1,7.8746100000000006,3,True,0.0,False,ACAGGATATTGAC,0.0
24,b0140,yadV,156201,GTG,124,out_of_frame,-1,63.118,5,True,0.0,False,TATAAAAGCGATC,0.1
25,b0144,gluQ,160112,ATG,30,out_of_frame,-1,49.6386,2,True,0.0,False,CCCGCCTTATTTT,1.0
26,b0149,mrcB,164730,ATG,135,in_frame,1,38.6462,5,True,11.38051546,True,TGAGGATGAAGAA,0.0
27,b0152,fhuD,170575,CTG,120,in_frame,1,14.9403,4,True,0.0,False,TCGTATTGTGGCG,0.0
28,b0153,fhuB,171462,ATC,-14,out_of_frame,1,12.1148,3,True,0.0,False,TAGGGCGTTCTGG,0.2
29,b0164,yaeI,185069,TTG,-15,out_of_frame,-1,11.6302,4,True,0.0,False,TAGGGCGCTGCCC,0.1
30,b0168,map,189506,ATG,39,out_of_frame,-1,8.00423,3,True,0.0,False,CAAGACCCCAGAA,1.0
31,b0170,tsf,190857,CTG,33,out_of_frame,1,7.20525,1,False,0.0,False,ATCCCTGGTAAAA,0.1
32,b0170,tsf,190857,CTG,78,out_of_frame,1,8.3592,1,False,0.0,False,GATGGATTGCAAA,0.0
33,b0172,frr,192872,ATT,-9,out_of_frame,1,43.1363,3,True,61.98316456,True,AGGGGACTGAGAC,0.4
34,b0178,skp,200482,GTG,8,out_of_frame,1,91.4666,4,True,9.14505707,True,TAAGGAGTTTATT,0.0
35,b0183,rnhB,204493,CTG,30,out_of_frame,1,14.5377,3,True,0.0,False,CGAATTTGTTTAT,1.0
36,b0185,accA,208621,ATG,109,out_of_frame,1,40.6885,4,True,0.0,False,ACTGGATATTAAC,0.2
37,b0189,rof,213932,ATG,-6,out_of_frame,-1,7.8746100000000006,4,True,0.0,False,CTTACTGGTGAGC,0.0
38,b0193,yaeF,217003,ATG,-14,out_of_frame,-1,5.45165,1,False,0.0,False,TAGGGAGGGCCCT,0.1
39,b0200,gmhB,222833,TTG,85,out_of_frame,1,262.144,4,True,0.0,False,TGTCCATGAGATC,0.3
40,b0218,yafU,239102,ATT,15,out_of_frame,-1,13.6897,5,True,0.0,False,TTAAATCAGCAGA,1.0
41,b0218,yafU,239102,CTG,36,out_of_frame,-1,11.7062,5,True,0.0,False,TTATGAGTTCAGA,0.1
42,b0218,yafU,239102,TTG,49,out_of_frame,-1,8.6015,1,False,0.0,False,TCAGAGCGAGATC,0.5
43,b0220,ivy,240343,ATG,27,out_of_frame,1,166.699,5,True,80.88294916,True,GCAGGATAAGCTC,0.0
44,b0225,yafQ,246239,ATG,43,out_of_frame,-1,104.055,3,True,0.0,False,TCGGGACAATATT,0.2
45,b0227,yafL,246712,CTG,42,out_of_frame,1,8.20433,5,True,0.0,False,TATTGTCGGGATT,0.4
46,b0228,rayT,247637,ATG,38,out_of_frame,1,177.84799999999998,2,True,0.0,False,TCAAGGGGGGAAC,0.5
47,b0232,yafN,252005,ATC,-8,out_of_frame,1,5.517440000000001,2,True,0.0,False,GGGTGGTGTGCAT,0.3
48,b0233,yafO,252301,TTG,52,out_of_frame,1,106.085,3,True,0.0,False,CGCCTGCAACTTA,1.0
49,b0235,ykfJ,253479,ATG,-7,out_of_frame,1,8.36764,1,False,0.0,False,TGACGAGTATAAA,0.0
50,b0247,ykfG,264732,CTG,-19,out_of_frame,-1,8.08399,2,True,0.0,False,TAGGGCGTATTAT,0.2
51,b0266,yagB,280735,GTG,69,out_of_frame,-1,23.6999,3,True,0.0,False,TTCGGAGCACGAC,0.1
52,b0267,yagA,281983,ATG,36,in_frame,-1,182.674,4,True,0.0,False,CTGGGATGCGAGA,0.3
53,b0276,yagJ,291404,ATG,123,in_frame,1,9.20486,2,True,0.0,False,GGAGGCTCGTGTT,0.1
54,b0276,yagJ,291404,CTG,129,in_frame,1,16.355,1,False,0.0,False,TCGTGTTACCGTT,1.0
55,b0278,yagL,293918,GTG,120,in_frame,-1,43.6379,1,False,0.0,False,TCAAAAAATAATT,1.0
56,b0281,intF,297096,ATG,75,in_frame,-1,61.5696,3,True,0.0,False,ACTGGAGCCGAAA,0.1
57,b0284,paoC,300934,TTG,7,out_of_frame,-1,14.0926,3,True,0.0,False,AAGCGAGGGCACA,0.1
58,b0295,ykgL,312112,ATG,108,out_of_frame,1,24.8353,2,True,0.0,False,TGGTCAACAAGTC,1.0
59,b0296,ykgM,312777,GTG,97,out_of_frame,-1,56.7943,4,True,0.0,False,ATCGGCTCGACTA,1.0
60,b0296,ykgM,312777,ATG,112,out_of_frame,-1,26.2078,2,True,0.0,False,ACAGACCGTGAGA,0.4
61,b0297,eaeH,314357,ATT,-9,out_of_frame,1,7.022189999999999,1,False,0.0,False,AGGGCGTTAATTC,1.0
62,b0300,ykgA,317169,ATG,33,out_of_frame,-1,210.43599999999998,4,True,0.0,False,AACGGAGAATGAG,0.2
63,b0305,rclR,320227,CTG,-5,out_of_frame,1,10.6368,2,True,0.0,False,TTGTAATCAAAAA,1.0
64,b0310,ykgH,325364,GTG,4,out_of_frame,-1,11.1456,1,False,0.0,False,TCTGGATATATTA,0.0
65,b0310,ykgH,325364,ATC,24,out_of_frame,-1,10.5333,4,True,0.0,False,TATGCGTGAACAA,1.0
66,b0312,betB,328733,ATG,9,out_of_frame,-1,8.58273,2,True,0.0,False,CGAGGAGACGTGA,0.1
67,b0315,yahA,332371,GTG,-8,out_of_frame,1,21.0666,3,True,36.37700477,True,GGGTGAACAGCGA,1.0
68,b0316,yahB,334433,ATG,126,in_frame,-1,29.0755,3,True,0.0,False,CGCCATTAGCTAC,1.0
69,b0318,yahD,335280,ATG,-6,out_of_frame,1,32.4236,1,False,0.0,False,GAAAACAGCCACA,1.0
70,b0321,yahG,338325,ATG,82,in_frame,1,26.2138,3,True,0.0,False,TTTAGCGATGACC,1.0
71,b0327,yahM,345404,ATG,92,out_of_frame,1,7.2038,3,True,0.0,False,CATTGCCATTGTT,1.0
72,b0328,yahN,346337,ATG,39,out_of_frame,-1,83.814,4,True,0.0,False,TATGGATGAAATC,0.5
73,b0338,cynR,358690,GTG,132,out_of_frame,-1,31.7879,4,True,0.0,False,AGAGGAGAGTTTA,0.2
74,b0339,cynT,358799,ATT,9,out_of_frame,1,62.0277,5,True,0.0,False,GTTAACGGTGAAA,0.0
75,b0342,lacA,361860,GTG,-9,out_of_frame,-1,75.1116,5,True,0.0,False,AGGGCGACCAACA,1.0
76,b0346,mhpR,368420,ATG,10,out_of_frame,-1,87.2264,1,False,0.0,False,GAAATGTCAATTA,1.0
77,b0351,mhpF,372921,CTG,-5,out_of_frame,1,13.4174,1,False,0.0,False,TTCAAGCGCAGCC,1.0
78,b0355,frmB,378368,ATG,74,out_of_frame,-1,13.5628,5,True,0.0,False,ATCGGCATTATTC,1.0
79,b0357,frmR,379881,CTG,84,out_of_frame,-1,27.9851,5,True,0.0,False,CTCTGGAACGGTC,0.2
80,b0367,tauC,386971,ATT,-24,out_of_frame,1,8.964939999999999,2,True,0.0,False,CTATAGGGCCGCG,0.1
81,b0378,yaiW,397872,GTG,123,out_of_frame,1,44.9237,5,True,0.0,False,AAAAGCGATAGAT,1.0
82,b0387,yaiI,405764,ATG,34,out_of_frame,1,16.3015,3,True,0.0,False,GGTGGATGCCGAC,0.2
83,b0389,yaiA,406979,GTG,39,out_of_frame,1,121.39,5,True,0.0,False,TATCCTCGTGAAG,0.0
84,b0392,ykiA,408609,ATG,40,out_of_frame,1,41.5219,5,True,0.0,False,CTGGCTACGATAA,1.0
85,b0392,ykiA,408609,ATG,47,out_of_frame,1,62.9701,2,True,0.0,False,AAATCAGATGATG,0.1
86,b0393,rdgC,410019,ATT,-6,out_of_frame,-1,6.646,1,False,0.0,False,CAAGGCCGTGGAA,0.2
87,b0393,rdgC,410019,GTG,5,out_of_frame,-1,10.7787,2,True,0.0,False,CAAGGCCGTGGAA,0.1
88,b0397,sbcC,415753,ATT,6,out_of_frame,-1,10.3532,2,True,0.0,False,GCCGGAGAACACG,0.0
89,b0403,malZ,422518,ATG,7,out_of_frame,1,17.5092,1,False,0.0,False,ACAGGGGAATTAT,0.1
90,b0404,acpH,424918,ATC,-4,out_of_frame,-1,54.1769,2,True,0.0,False,TTTGGATAGAATA,0.1
91,b0407,yajC,427287,ATG,19,out_of_frame,1,21.9443,3,True,0.0,False,TAATGAGCTTTTT,0.0
92,b0409,secF,429505,GTG,-7,out_of_frame,1,53.9334,4,True,14.63209131,True,GGTCAAGAAGCTG,1.0
93,b0413,nrdR,433002,GTG,126,in_frame,1,8.3592,4,True,0.0,False,TAATGAACGTTTC,1.0
94,b0414,ribD,433455,GTG,133,in_frame,1,5.39204,1,False,0.0,False,ATTGTCGGTGAAG,0.0
95,b0429,cyoD,448046,ATG,-14,out_of_frame,-1,21.8189,3,True,0.0,False,TAGGGCACTGTTG,0.1
96,b0438,clpX,457426,TTG,-7,out_of_frame,1,80.9267,5,True,37.59634572,True,GGGCACAAAGAAC,1.0
97,b0440,hupB,461451,ATG,118,in_frame,1,174.21099999999998,5,True,0.0,False,GTAACTGAATCTC,1.0
98,b0444,queC,465547,GTG,25,out_of_frame,-1,8.26485,4,True,0.0,False,ATGAAACGTGCTG,0.3
99,b0447,ybaO,468383,CTG,114,in_frame,1,5.8151,1,False,0.0,False,GACAACCACCCCT,1.0
100,b0447,ybaO,468383,CTG,123,in_frame,1,8.1169,5,True,0.0,False,GCTGGAAGCGCCT,0.1
101,b0454,ybaZ,476371,ATG,78,in_frame,-1,5.3305,1,False,0.0,False,TCAGGAAGAAAAG,0.2
102,b0457,ylaB,478617,ATG,-6,out_of_frame,-1,31.3432,2,True,0.0,False,CTACACTGTGTTA,0.1
103,b0468,ybaN,490882,CTG,33,in_frame,1,11.9126,3,True,0.0,False,AATCATTTTAATC,1.0
104,b0470,dnaX,492092,CTG,-6,out_of_frame,1,7.147589999999999,3,True,0.0,False,GATCCACCTTCCA,1.0
105,b0471,ybaB,494076,CTG,18,out_of_frame,1,9.502239999999999,1,False,0.0,False,ATGTTTGGTAAAG,0.2
106,b0471,ybaB,494076,ATG,60,out_of_frame,1,16.7184,5,True,0.0,False,GCAAGCCCAGCAG,1.0
107,b0474,adk,497175,ATT,-9,out_of_frame,1,6.52061,2,True,36.58022826,True,AGGGAATTCGACA,1.0
108,b0479,fsr,504696,ATG,6,out_of_frame,-1,5.10269,1,False,0.0,False,TGAAAAAGTGACT,0.1
109,b0480,ushA,504914,ATT,5,out_of_frame,1,37.3197,5,True,0.0,False,CAGGGAGAGAAGT,0.2
110,b0484,copA,511379,GTG,-7,out_of_frame,-1,15.4237,3,True,0.0,False,GGCCAGTCAAAAC,1.0
111,b0493,ybbO,519149,ATG,39,out_of_frame,-1,9.93412,5,True,0.0,False,AACGGAGATCCTG,0.0
112,b0496,ybbP,520416,TTG,-14,out_of_frame,1,18.7779,5,True,0.0,False,GGGGCTGGTGAAC,0.1
113,b0501,ybbD,528640,ATG,103,out_of_frame,1,10.4079,1,False,0.0,False,ATTACTTATCTTT,1.0
114,b0501,ybbD,528640,TTG,112,out_of_frame,1,54.6728,3,True,0.0,False,CTTTATTTATACA,1.0
115,b0504,allS,532221,ATT,74,out_of_frame,-1,27.3721,2,True,0.0,False,GAAGTTTTTCAAA,1.0
116,b0514,glxK,541888,ATT,-7,out_of_frame,1,10.49,3,True,0.0,False,GGATCGAATAATT,1.0
117,b0514,glxK,541888,ATT,6,out_of_frame,1,12.4782,3,True,0.0,False,AAAGGATTGATAA,0.0
118,b0515,allE,544046,ATT,7,out_of_frame,-1,16.6088,1,False,0.0,False,TAAGGAGTCATAA,0.0
119,b0518,fdrA,546680,TTG,-5,out_of_frame,1,32.603,3,True,0.0,False,GCCATGGGTGCAA,0.0
120,b0521,ybcF,550439,TTG,13,out_of_frame,1,5.61586,2,True,0.0,False,CAAGGAAAACCAT,0.0
121,b0524,lpxH,553940,ATG,134,in_frame,-1,17.0539,3,True,0.0,False,ATTCTTGGCGATC,0.3
122,b0529,folD,557741,ATT,12,out_of_frame,-1,6.3821,2,True,0.0,False,CCTCTCTCTGATG,0.4
123,b0531,sfmC,558974,ATG,134,in_frame,1,24.1084,5,True,0.0,False,CCGCTGATGCTAA,1.0
124,b0533,sfmH,562336,CTG,61,out_of_frame,1,14.7968,3,True,0.0,False,ACTGTTTGTGCAA,0.1
125,b0533,sfmH,562336,ATG,76,out_of_frame,1,28.7157,3,True,0.0,False,GCAAATAGTACTG,1.0
126,b0542,renD,568035,GTG,117,out_of_frame,1,77.2923,5,True,13.41275036,True,ATGGGAAGGAAAG,0.4
127,b0545,ybcL,570893,ATG,79,out_of_frame,1,123.337,4,True,0.0,False,ATTTCAGGTCACT,0.2
128,b0547,ybcN,572466,ATG,89,out_of_frame,1,22.2515,4,True,0.0,False,TCTGGAGGAGGGC,0.4
129,b0556,rzpD,578107,TTG,-14,out_of_frame,1,8.48035,4,True,0.0,False,CTATAGGGTGAGC,0.0
130,b0557,borD,578893,ATG,9,out_of_frame,-1,7.09122,2,True,0.0,False,TCGGGAATAACAC,0.1
131,b0567,ybcH,587981,GTG,-12,out_of_frame,-1,8.652339999999999,1,False,0.0,False,ATAGGGGCGTTTC,0.0
132,b0567,ybcH,587981,CTG,-7,out_of_frame,-1,12.2888,3,True,0.0,False,GGGCGTTTCTCAC,1.0
133,b0581,ybdK,607383,ATG,105,out_of_frame,-1,6.0397,2,True,0.0,False,CCAGGACTCTTCA,0.0
134,b0591,entS,622300,ATT,-6,out_of_frame,1,35.5979,2,True,0.0,False,AAAATATTTGATG,0.1
135,b0594,entE,626070,ATT,-14,out_of_frame,1,16.7184,1,False,0.0,False,TAGGGAACGTTTT,0.0
136,b0594,entE,626070,ATT,11,out_of_frame,1,19.3837,2,True,0.0,False,TAAGGAGCGAGGA,0.0
137,b0597,entH,629300,CTG,-14,out_of_frame,1,6.90543,1,False,0.0,False,TAGGGCGATGGCG,0.2
138,b0601,ybdM,635376,ATG,12,out_of_frame,-1,93.2838,3,True,0.0,False,AATGGGGGATACT,0.1
139,b0613,citG,647509,ATG,-19,out_of_frame,-1,8.72264,5,True,0.0,False,TAGGGTACTCAAC,0.2
140,b0615,citF,649571,ATC,-6,out_of_frame,-1,9.53012,3,True,0.0,False,GCCGGCATCCGCG,1.0
141,b0615,citF,649571,ATT,12,out_of_frame,-1,8.80465,4,True,0.0,False,TAAGGCAATCAAA,0.0
142,b0621,dcuC,655968,ATT,129,in_frame,-1,9.328380000000001,3,True,0.0,False,GTTATTGCTGATT,0.1
143,b0622,pagP,656557,GTG,6,out_of_frame,1,7.90417,2,True,0.0,False,ATGTTTTATGGTC,0.1
144,b0622,pagP,656557,ATG,16,out_of_frame,1,18.6568,5,True,0.0,False,AATGAACGTGAGT,0.0
145,b0627,tatE,658947,ATG,133,in_frame,1,35.0117,5,True,0.0,False,AAAGGGTTCAAGA,0.1
146,b0638,cobC,669907,CTG,-20,out_of_frame,-1,8.3592,1,False,0.0,False,TAGGGTCGCTGAT,0.1
147,b0638,cobC,669907,ATG,46,out_of_frame,-1,13.033,4,True,0.0,False,CATGGTGAAACGC,1.0
148,b0642,leuS,674783,TTG,70,in_frame,-1,7.70407,3,True,0.0,False,TTGGGATGAGAAG,0.3
149,b0652,gltL,685255,GTG,84,out_of_frame,-1,8.08399,2,True,0.0,False,AACCGAAGTGAAA,0.2
150,b0677,nagA,702751,ATT,8,out_of_frame,-1,160.317,4,True,0.0,False,ATCGGGGGTCAGA,0.2
151,b0678,nagB,703611,GTG,-7,out_of_frame,-1,13.6688,4,True,0.0,False,GGCGGCTTACATT,1.0
152,b0683,fur,710646,ATG,135,in_frame,-1,27.2583,3,True,0.0,False,CAAACGTCTGATC,0.0
153,b0687,seqA,712987,ATT,9,out_of_frame,1,14.2954,1,False,0.0,False,ACTGGATTAAGAT,0.1
154,b0689,ybfP,715412,CTG,18,out_of_frame,1,6.7714,3,True,0.0,False,AATCCCAATGAAG,1.0
155,b0692,potE,718265,ATT,-3,out_of_frame,-1,99.8154,3,True,0.0,False,TGAAAGGGGAAAA,0.4
156,b0694,kdpE,721733,CTG,60,out_of_frame,-1,16.9607,1,False,0.0,False,TATTCGTCGCTTT,1.0
157,b0696,kdpC,724979,GTG,136,in_frame,-1,18.8094,2,True,0.0,False,TTGATTCGTGAAG,0.0
158,b0700,rhsC,729583,ATG,-8,out_of_frame,1,19.0602,3,True,0.0,False,GGGCAAATAACCC,1.0
159,b0712,ybgK,744243,TTG,-22,out_of_frame,1,82.6228,2,True,0.0,False,TAGGGCGTGCGCT,0.0
160,b0722,sdhD,755560,GTG,118,in_frame,1,5.39204,2,True,0.0,False,ATGGTCGGTTTTT,0.2
161,b0724,sdhB,757689,ATG,-16,out_of_frame,1,32.603,3,True,0.0,False,TAGGGATTCGTAC,0.0
162,b0729,sucD,764180,TTG,-22,out_of_frame,1,12.7205,1,False,0.0,False,ATAGGGGCAGGTT,0.1
163,b0729,sucD,764180,GTG,-14,out_of_frame,1,17.3047,3,True,6.70637518,True,ATAGGGGCAGGTT,0.2
164,b0730,mngR,765875,ATG,-14,out_of_frame,-1,37.2978,4,True,0.0,False,ATAGGGGGTTAAA,0.0
165,b0731,mngA,765984,GTG,48,out_of_frame,1,8.72264,1,False,0.0,False,TATAAAAACGATC,0.0
166,b0731,mngA,765984,ATG,57,out_of_frame,1,81.006,3,True,0.0,False,CGATCAAGTGAGG,0.0
167,b0736,ybgC,774752,ATG,-7,out_of_frame,1,19.5718,2,True,0.0,False,GGCTAACTTTTGT,1.0
168,b0742,ybgF,779598,CTG,33,out_of_frame,1,5.69395,1,False,0.0,False,TAACTTCAGACAT,1.0
169,b0755,gpmA,787595,TTG,-15,out_of_frame,-1,39.9211,4,True,0.0,False,TAGGGTCATTAAA,0.3
170,b0757,galK,789979,ATC,-16,out_of_frame,-1,12.4142,1,False,0.0,False,TAGGGATCCATTT,0.1
171,b0757,galK,789979,GTG,-9,out_of_frame,-1,40.7944,4,True,0.0,False,AGGGATCCATTTT,1.0
172,b0759,galE,792055,ATG,-12,out_of_frame,-1,6.30333,1,False,0.0,False,TAGGGTTTCATAC,0.0
173,b0762,acrZ,794773,TTG,-6,out_of_frame,1,20.874000000000002,1,False,299.9578718,True,GATAGTCTCATGA,1.0
174,b0767,pgl,798586,ATT,-4,out_of_frame,1,60.7009,2,True,16.8675497,True,AGTCAGTTGCTAA,1.0
175,b0768,ybhD,800575,ATG,120,out_of_frame,-1,91.3455,4,True,0.0,False,TGCATTAACGCGA,1.0
176,b0778,bioD,812270,ATT,-7,out_of_frame,1,83.0723,4,True,0.0,False,GGCGTATCATCTT,1.0
177,b0782,moaB,818055,ATC,-5,out_of_frame,1,180.767,4,True,105.0665445,True,GGCGGCTAAAACG,1.0
178,b0784,moaD,819048,GTG,-10,out_of_frame,1,30.8475,3,True,0.0,False,AAGTCGGGTGACT,0.0
179,b0789,clsB,823739,ATG,5,out_of_frame,-1,5.8151,1,False,0.0,False,TGCGGAGATTCAT,0.0
180,b0790,ybhP,824497,ATC,42,out_of_frame,-1,16.355,5,True,0.0,False,GTTCAAGGTGCTC,0.0
181,b0792,ybhR,826108,ATT,-15,out_of_frame,-1,18.6568,2,True,0.0,False,TAGGGCCAAACGT,0.1
182,b0794,ybhF,828981,TTG,111,out_of_frame,-1,8.6015,1,False,0.0,False,CGGTTATGTGACG,0.1
183,b0798,ybiA,832950,ATG,33,out_of_frame,-1,20.5951,5,True,0.0,False,AAAGGATCCAACA,0.0
184,b0804,ybiX,839207,ATG,3,out_of_frame,-1,35.4965,4,True,0.0,False,TTTGGAGAAATTG,0.1
185,b0808,ybiO,845480,GTG,5,out_of_frame,-1,40.9004,4,True,0.0,False,ACTGGAGGAGTCA,0.0
186,b0812,dps,848911,ATG,-8,out_of_frame,-1,30.5967,2,True,0.0,False,GTGGGACATAACA,0.0
187,b0812,dps,848911,ATT,-3,out_of_frame,-1,23.8265,1,False,0.0,False,TCAAGAGGATATG,0.0
188,b0817,mntR,853183,ATG,-13,out_of_frame,1,6.60349,2,True,0.0,False,TAGGGATGTATGC,0.1
189,b0828,iaaA,866568,ATT,15,out_of_frame,1,10.7841,3,True,0.0,False,ACTATGGGCAAAG,0.1
190,b0832,gsiD,871890,ATT,8,out_of_frame,1,156.858,2,True,0.0,False,TAAGGATGCGACT,0.0
191,b0836,bssR,878248,CTG,-22,out_of_frame,1,50.0331,3,True,0.0,False,TAGGGCAACAAGG,0.3
192,b0838,gstB,880480,ATG,121,out_of_frame,-1,31.6268,2,True,0.0,False,TTGGGATAAATCA,0.0
193,b0841,ybjG,883388,GTG,62,out_of_frame,-1,7.23305,2,True,0.0,False,TTAACGCGACGCC,1.0
194,b0844,ybjI,886131,TTG,118,in_frame,-1,56.5824,4,True,0.0,False,CAAGGAATTCGCT,0.0
195,b0845,ybjJ,887339,ATG,22,out_of_frame,-1,14.7078,5,True,0.0,False,TCTATGACCGTAA,1.0
196,b0845,ybjJ,887339,CTG,41,out_of_frame,-1,6.7714,1,False,0.0,False,CACGTAATGCATT,1.0
197,b0846,rcdA,887423,ATG,-5,out_of_frame,1,26.5212,2,True,0.0,False,TGCAGAGAGAGGA,0.3
198,b0847,ybjL,889819,ATG,28,out_of_frame,-1,6.39521,1,False,0.0,False,AATATAAACGTCG,1.0
199,b0847,ybjL,889819,ATT,39,out_of_frame,-1,51.9202,4,True,0.0,False,TAAATGGGAATTA,0.3
200,b0853,ybjN,892957,ATG,74,out_of_frame,1,21.4038,4,True,0.0,False,TGGGGATGAGTTT,0.1
201,b0854,potF,893784,ATG,20,out_of_frame,1,12.3973,4,True,0.0,False,GAGATATGACCGC,1.0
202,b0854,potF,893784,ATC,26,out_of_frame,1,5.8151,2,True,0.0,False,TGACCGCCTTAAA,1.0
203,b0858,ybjO,897989,TTG,15,out_of_frame,1,9.70513,5,True,0.0,False,CATGGAAGACGAA,0.0
204,b0864,artP,903734,GTG,-6,out_of_frame,-1,7.022189999999999,2,True,0.0,False,GAGCTATCAGACT,1.0
205,b0865,ybjP,904467,TTG,109,out_of_frame,-1,10.5399,2,True,0.0,False,ACACGCAGTGGTC,0.1
206,b0866,ybjQ,904593,ATC,-7,out_of_frame,1,43.2315,4,True,28.45128865,True,GAAGGCTTAGCAA,0.0
207,b0868,ybjS,906753,GTG,-10,out_of_frame,-1,13.3263,3,True,0.0,False,TAGGGACGTTATT,0.0
208,b0868,ybjS,906753,CTG,9,out_of_frame,-1,28.4697,4,True,0.0,False,AGTGGATTGATAT,0.1
209,b0876,ybjD,916473,ATT,-15,out_of_frame,1,31.8619,2,True,0.0,False,TAGGGAAGGATAA,0.3
210,b0877,ybjX,919120,ATG,42,out_of_frame,-1,10.9033,5,True,0.0,False,ATAACCATTGATT,0.1
211,b0878,macA,919235,ATT,-13,out_of_frame,1,83.7131,5,True,0.0,False,ATAGGGGGATTGG,0.0
212,b0881,clpS,922913,ATG,-13,out_of_frame,1,63.4815,1,False,0.0,False,ATAGGGGATAACC,0.2
213,b0882,clpA,923264,GTG,-6,out_of_frame,1,54.7442,2,True,15.44498527,True,GATGCAGGCATAA,0.1
214,b0891,lolA,937372,ATT,-15,out_of_frame,1,14.2954,4,True,0.0,False,TCGGGAGTGACGT,0.0
215,b0893,serS,939428,ATG,76,out_of_frame,1,32.336,2,True,0.0,False,CGCCGGGGCTTTA,0.4
216,b0894,dmsA,940959,GTG,49,out_of_frame,1,11.2857,3,True,0.0,False,TGCTGAGGTGAGT,0.0
217,b0900,ycaN,949568,ATT,-10,out_of_frame,-1,41.2554,3,True,0.0,False,TAGGGTCAGGATG,0.0
218,b0901,ycaK,949668,GTG,-14,out_of_frame,1,11.2317,4,True,0.0,False,TAGGGCGCTCCAG,0.1
219,b0907,serC,957653,GTG,-10,out_of_frame,1,25.9539,2,True,0.0,False,TAGGGGTTAATAG,0.0
220,b0921,smtA,973537,GTG,-12,out_of_frame,1,13.1897,2,True,0.0,False,TAGGGAAACGTCT,0.1
221,b0921,smtA,973537,ATC,7,out_of_frame,1,8.50947,2,True,0.0,False,GGTGGAGAAAGCA,0.0
222,b0923,mukE,975622,ATC,127,in_frame,1,6.67545,1,False,0.0,False,CATATTGGCCTCG,1.0
223,b0928,aspC,985709,ATG,-13,out_of_frame,-1,6.646,2,True,0.0,False,TAGGGTCCCTTCT,0.2
224,b0928,aspC,985709,TTG,4,out_of_frame,-1,8.15076,3,True,0.0,False,AATGGAACCTCGT,0.1
225,b0937,ssuE,997512,GTG,4,out_of_frame,-1,107.095,5,True,0.0,False,TAAGGAGAGAGTA,0.0
226,b0938,elfA,997868,ATG,-9,out_of_frame,1,75.4506,2,True,0.0,False,TTACGAAGAGATC,0.1
227,b0941,elfG,1001807,GTG,27,out_of_frame,1,32.7284,3,True,0.0,False,TTTGGAGAAAAAT,0.3
228,b0942,ycbU,1002889,ATC,115,in_frame,1,7.8746100000000006,1,False,0.0,False,TGGGAATGTGGTC,0.1
229,b0944,ycbF,1003947,ATC,131,out_of_frame,1,9.81297,4,True,0.0,False,GACAGAGAATCGA,0.2
230,b0945,pyrD,1004768,ATC,-14,out_of_frame,1,14.2954,5,True,0.0,False,ATAGGGGGTTTGC,0.1
231,b0945,pyrD,1004768,ATG,55,out_of_frame,1,5.10568,1,False,0.0,False,TTCCAGCTCGATC,0.2
232,b0947,ycbX,1007600,TTG,-14,out_of_frame,-1,10.49,4,True,0.0,False,AGGGGAGGGCTTA,0.0
233,b0951,pqiB,1013259,ATC,27,out_of_frame,1,7.37487,2,True,0.0,False,TGGGGAAGCCAAA,0.5
234,b0955,ycbZ,1018299,GTG,106,in_frame,-1,20.1888,3,True,0.0,False,GACGAAAACGATC,0.1
235,b0956,matP,1018485,TTG,35,out_of_frame,1,6.0397,1,False,0.0,False,AACAACTTGAAAA,1.0
236,b0956,matP,1018485,ATG,41,out_of_frame,1,11.6302,5,True,0.0,False,GAAAGCGGTTGGA,0.0
237,b0956,matP,1018485,CTG,51,out_of_frame,1,9.086089999999999,5,True,0.0,False,GTTGGAAATGGAA,0.2
238,b0963,mgsA,1027015,ATG,72,out_of_frame,-1,7.2729800000000004,1,False,0.0,False,GTGGCACACGATC,0.1
239,b0966,hspQ,1028721,GTG,-6,out_of_frame,-1,24.0528,4,True,0.0,False,GTCAAAGGTAAAG,0.2
240,b0967,rlmI,1029969,GTG,15,out_of_frame,-1,10.2976,2,True,0.0,False,TTATGAGTGTACG,0.0
241,b0973,hyaB,1033254,ATG,121,in_frame,1,18.684,3,True,0.0,False,AATATTAACGATC,0.1
242,b0980,appA,1040617,GTG,94,out_of_frame,1,7.90417,3,True,0.0,False,GCCGGAGCTGAAG,0.0
243,b0981,etk,1044210,ATG,15,out_of_frame,-1,9.4304,4,True,0.0,False,ATAAAATACGATG,1.0
244,b0982,etp,1044676,ATC,110,out_of_frame,-1,11.6556,4,True,0.0,False,CTGCCGGGCGTAA,0.3
245,b0990,cspG,1051461,ATG,29,out_of_frame,1,16.8395,5,True,0.0,False,AAAATGACTGGTT,0.1
246,b1001,yccE,1064036,ATG,16,out_of_frame,1,100.979,2,True,0.0,False,TATATGGGTAGTA,0.3
247,b1001,yccE,1064036,ATT,43,out_of_frame,1,47.6111,3,True,0.0,False,GGAATTAGTTGCA,1.0
248,b1008,rutE,1070955,ATG,122,out_of_frame,-1,11.4111,3,True,0.0,False,ACGGGAGATTTAT,0.2
249,b1012,rutA,1074011,ATG,54,out_of_frame,-1,102.039,4,True,0.0,False,TTACGAGACGAAG,0.3
250,b1013,rutR,1074242,CTG,120,in_frame,1,7.995760000000001,1,False,0.0,False,CAATTCGGTTTTC,0.1
251,b1019,efeB,1083376,ATT,-10,out_of_frame,1,6.019019999999999,2,True,0.0,False,GGTCGCGGTGTGC,0.2
252,b1020,phoH,1084992,ATG,-13,out_of_frame,1,10.7822,1,False,0.0,False,TAGGGAGTGATAG,0.0
253,b1021,pgaD,1086519,ATG,111,in_frame,-1,9.69183,5,True,0.0,False,TGCGTTGTTCATA,1.0
254,b1022,pgaC,1087846,CTG,84,in_frame,-1,42.6347,7,True,0.0,False,CGTAGCGTACTTT,1.0
255,b1029,ycdU,1095843,TTG,130,in_frame,1,238.832,2,True,0.0,False,GGGTTTACTTTTC,1.0
256,b1034,ycdX,1098879,ATC,115,in_frame,1,10.7822,5,True,0.0,False,ACTTTTTGCGATC,0.1
257,b1041,csgB,1103951,ATG,106,out_of_frame,1,10.7019,4,True,0.0,False,AATTCAGAATATA,1.0
258,b1042,csgA,1104447,ATG,-13,out_of_frame,1,8.504489999999999,2,True,0.0,False,TAGGGACTTTTAA,0.1
259,b1044,ymdA,1105414,ATG,122,in_frame,1,31.9105,2,True,0.0,False,CCAAATTGTGGAA,0.1
260,b1046,clsC,1106355,CTG,69,in_frame,1,5.8151,1,False,0.0,False,GGTCAGTGTGGCC,0.2
261,b1047,opgC,1108941,ATG,112,out_of_frame,-1,23.0729,3,True,0.0,False,ATTCGAGCCATAC,0.1
262,b1054,lpxL,1116582,ATT,-6,out_of_frame,-1,17.8063,3,True,0.0,False,CGAATAGGTTGAA,0.0
263,b1054,lpxL,1116582,ATT,46,out_of_frame,-1,17.2714,3,True,0.0,False,TCCACCGCACTGC,1.0
264,b1058,yceO,1119447,ATG,27,out_of_frame,-1,22.6546,5,True,0.0,False,ACAGGAGTATTTA,0.0
265,b1058,yceO,1119447,ATT,98,out_of_frame,-1,9.655510000000001,3,True,0.0,False,TGATGCTTTATCT,1.0
266,b1060,bssS,1120955,ATT,-14,out_of_frame,-1,38.1616,5,True,0.0,False,TAGGGTTGTCTAG,0.0
267,b1065,mdtH,1125326,CTG,125,in_frame,-1,7.147589999999999,2,True,0.0,False,CGCTTCGTTGATC,0.1
268,b1077,flgF,1133802,CTG,-16,out_of_frame,1,16.8031,3,True,0.0,False,TAGGGACTTACGC,0.0
269,b1078,flgG,1134729,ATT,-5,out_of_frame,1,10.1571,3,True,0.0,False,CTTTGTCACTAAT,1.0
270,b1081,flgJ,1137371,ATG,126,out_of_frame,1,5.72182,1,False,0.0,False,CCGTCAGGTGGAA,0.0
271,b1091,fabH,1148759,GTG,-14,out_of_frame,1,6.52061,2,True,0.0,False,ATAGGGGGTATAT,0.0
272,b1097,yceG,1154112,GTG,9,out_of_frame,1,13.757,2,True,0.0,False,AGCGCCCGAATTA,1.0
273,b1098,tmk,1155124,GTG,-16,out_of_frame,1,24.1127,5,True,0.0,False,TAGGGAGGATTAT,0.0
274,b1100,ycfH,1156777,ATG,43,out_of_frame,1,12.1148,1,False,0.0,False,CATCTCGATGGTC,0.4
275,b1102,fhuE,1161551,ATC,34,out_of_frame,-1,9.07676,2,True,0.0,False,CAGGGATAATCAA,0.3
276,b1105,lpoB,1162638,ATC,-6,out_of_frame,1,9.10481,2,True,15.24176178,True,TTGTAAGGGGTGA,0.6
277,b1108,ycfP,1165143,ATG,-13,out_of_frame,1,27.2583,1,False,0.0,False,TATAGGGGTCACT,0.1
278,b1110,ycfJ,1167599,ATC,8,out_of_frame,1,52.2147,1,False,0.0,False,GAAGGAGGTGTTC,0.0
279,b1121,ycfZ,1181267,ATG,118,out_of_frame,-1,14.1698,3,True,0.0,False,GTTACCGGTACTG,0.0
280,b1126,potA,1185594,ATT,17,out_of_frame,-1,57.3029,5,True,0.0,False,ATGGGACAGAGTA,0.1
281,b1127,pepT,1185844,GTG,-8,out_of_frame,1,89.2076,2,True,0.0,False,ACAAAAAGTGAGG,0.0
282,b1135,rluE,1194951,GTG,118,out_of_frame,-1,6.26981,1,False,0.0,False,CGTAAACCTGAAA,1.0
283,b1137,ymfD,1197532,TTG,12,out_of_frame,-1,92.0486,5,True,0.0,False,TTGAATGGTACTT,0.3
284,b1140,intE,1200806,ATT,110,out_of_frame,-1,5.67298,1,False,0.0,False,GCATCCAGTGACA,0.0
285,b1140,intE,1200806,ATG,115,out_of_frame,-1,6.09845,1,False,0.0,False,ACAGGAAAATTCC,0.1
286,b1141,xisE,1201032,ATC,-7,out_of_frame,-1,42.8226,4,True,0.0,False,GCAGTTAGTGTAG,0.2
287,b1150,ymfR,1205549,ATG,6,out_of_frame,1,51.7083,4,True,0.0,False,AACTGAGGTAATT,0.0
288,b1157,stfE,1209619,CTG,19,out_of_frame,-1,11.3377,4,True,0.0,False,TTGGGAGAAGGCT,0.2
289,b1158,pinE,1209685,ATT,-7,out_of_frame,1,7.022189999999999,1,False,0.0,False,GGTCATTCCTGCT,1.0
290,b1159,mcrA,1210346,GTG,52,out_of_frame,1,17.4301,2,True,0.0,False,AGCTGAGTGTTCG,0.0
291,b1159,mcrA,1210346,ATG,61,out_of_frame,1,15.9915,1,False,0.0,False,TCGATAGGTGAAG,0.0
292,b1159,mcrA,1210346,ATG,70,out_of_frame,1,31.2237,3,True,10.77084499,True,TCGATAGGTGAAG,0.0
293,b1160,iraM,1212003,ATG,78,out_of_frame,-1,8.84379,5,True,0.0,False,ATATGGGGTAATA,0.1
294,b1162,bluR,1214059,ATT,-23,out_of_frame,-1,50.6398,2,True,0.0,False,ATAGGGGACGGAG,0.1
295,b1162,bluR,1214059,TTG,124,in_frame,-1,10.7057,4,True,0.0,False,GAAGGCGGACACC,0.1
296,b1165,ymgA,1216068,ATG,-11,out_of_frame,1,12.0063,5,True,0.0,False,TAGGGATTATTTA,0.0
297,b1167,ymgC,1216748,ATG,72,out_of_frame,1,16.355,5,True,13.81919734,True,GAGGGAGGTGTTC,0.0
298,b1176,minC,1226080,ATT,-16,out_of_frame,-1,15.3641,1,False,0.0,False,TAGGGATGATTAA,0.0
299,b1179,ycgL,1227714,TTG,5,out_of_frame,1,25.1133,5,True,0.0,False,TAAAGAGTAAAAG,0.0
300,b1181,ycgN,1228815,ATG,71,out_of_frame,1,45.6727,5,True,0.0,False,CCTGGACGAAATG,0.0
301,b1181,ycgN,1228815,TTG,81,out_of_frame,1,91.5393,3,True,0.0,False,TGCGGAATGGGAG,0.1
302,b1183,umuD,1230767,TTG,3,out_of_frame,1,12.3571,2,True,0.0,False,ACTTCAGGCAGAT,0.4
303,b1184,umuC,1231186,ATG,65,out_of_frame,1,14.0406,2,True,0.0,False,TGAGACGGTGTTT,0.0
304,b1185,dsbB,1233030,GTG,123,in_frame,-1,28.7152,1,False,0.0,False,GCATGTGATGTTA,1.0
305,b1186,nhaB,1234717,ATC,6,out_of_frame,-1,69.7214,4,True,0.0,False,TAAGGGAAACCAT,0.4
306,b1188,ycgB,1237241,ATG,-13,out_of_frame,-1,21.8277,4,True,0.0,False,TAGGGAGAGAGCG,0.1
307,b1188,ycgB,1237241,ATG,46,out_of_frame,-1,32.1042,5,True,0.0,False,TAAGGACACCACA,0.0
308,b1194,ycgR,1244527,ATT,7,out_of_frame,-1,6.646,3,True,0.0,False,TCAGGAGTTTTTC,0.0
309,b1198,dhaM,1249114,ATT,-7,out_of_frame,-1,6.09845,1,False,0.0,False,AAAAGAGTAAGGA,0.1
310,b1202,ycgV,1255952,ATC,6,out_of_frame,-1,37.92,3,True,0.0,False,ATAGGAGTGGTAT,0.0
311,b1206,dauA,1260803,ATG,22,out_of_frame,-1,11.2857,3,True,0.0,False,ATTGTGAACAAAA,1.0
312,b1208,ispE,1262877,GTG,-8,out_of_frame,-1,65.1651,4,True,0.0,False,AATGGATAACTGG,0.2
313,b1212,prmC,1266094,GTG,22,out_of_frame,1,16.5523,1,False,0.0,False,ATCAACACTGGTT,0.0
314,b1213,ychQ,1266924,GTG,25,out_of_frame,1,5.39204,2,True,0.0,False,ATGACAAGTTTTT,1.0
315,b1214,ychA,1267320,CTG,-12,out_of_frame,1,34.0379,2,True,0.0,False,TAGGGACCACAAA,0.2
316,b1216,chaA,1271849,ATG,7,out_of_frame,-1,73.0521,1,False,0.0,False,AAGGGATAACCAT,0.2
317,b1218,chaC,1272507,GTG,-7,out_of_frame,1,82.6836,2,True,0.0,False,CAGGGAAGTATGC,0.2
318,b1223,narK,1277957,ATC,-13,in_frame,1,6.4208300000000005,1,False,0.0,False,TAGGGCAGACATC,0.2
319,b1223,narK,1277957,ATC,11,in_frame,1,7.841010000000001,2,True,0.0,False,ATCAGAGGTGTCT,0.0
320,b1224,narG,1279864,CTG,92,out_of_frame,1,15.788,4,True,0.0,False,GCCAGCTTCTCAA,1.0
321,b1232,purU,1288624,ATG,112,in_frame,-1,20.4227,1,False,0.0,False,CACGAGTTAAATA,1.0
322,b1234,rssA,1289245,ATT,99,in_frame,1,175.543,5,True,23.57392488,True,AAAGTGGGTATTG,0.1
323,b1236,galU,1291457,ATT,50,out_of_frame,1,7.995760000000001,1,False,0.0,False,AAAAAGCCGTTAT,1.0
324,b1243,oppA,1301182,ATG,133,in_frame,1,46.3966,2,True,39.42535713,True,AACACTGGTACGT,0.0
325,b1249,clsA,1308645,TTG,18,out_of_frame,-1,18.331,4,True,0.0,False,CTAATCTATGACA,1.0
326,b1249,clsA,1308645,TTG,26,out_of_frame,-1,16.2338,4,True,0.0,False,TGACAACCGTTTA,1.0
327,b1251,yciI,1310865,ATG,97,out_of_frame,-1,5.9031199999999995,1,False,0.0,False,TTAGCACGTTTAC,1.0
328,b1251,yciI,1310865,TTG,108,out_of_frame,-1,10.9095,3,True,0.0,False,CATGATGAAGGTC,0.8
329,b1258,yciF,1315770,CTG,-12,out_of_frame,-1,5.8151,3,True,0.0,False,GCTCGCAGTGATT,0.0
330,b1258,yciF,1315770,ATG,22,out_of_frame,-1,5.93624,2,True,0.0,False,AATATGAATATGA,1.0
331,b1266,yciV,1323220,GTG,-7,out_of_frame,1,29.9697,2,True,0.0,False,GGAAAAAACATTA,1.0
332,b1266,yciV,1323220,ATG,16,out_of_frame,1,20.474,3,True,0.0,False,CCTTGAGCGACAC,0.0
333,b1269,rluB,1326852,GTG,82,out_of_frame,1,38.5762,2,True,0.0,False,ATTGAAGCCGGTC,0.0
334,b1272,sohB,1329332,ATT,5,out_of_frame,1,127.569,2,True,5.28381075,True,AACCAAGGTGGGG,0.3
335,b1285,gmr,1346742,TTG,27,out_of_frame,-1,12.6092,1,False,0.0,False,TAGGGAGTCCACA,0.0
336,b1288,fabI,1351039,CTG,27,out_of_frame,-1,42.7652,1,False,0.0,False,CTTTCCGGTAAGC,0.2
337,b1295,ymjA,1357668,ATG,40,out_of_frame,-1,15.4237,3,True,0.0,False,AAATATTTTGATA,0.1
338,b1295,ymjA,1357668,ATG,136,in_frame,-1,15.2983,3,True,0.0,False,CACCCGTTTGATG,0.2
339,b1296,puuP,1359187,GTG,71,out_of_frame,-1,5.893619999999999,2,True,0.0,False,CCCGTCTGCGAAA,1.0
340,b1297,puuA,1360908,TTG,16,out_of_frame,-1,74.7395,2,True,0.0,False,CATGGAAACCAAT,0.1
341,b1298,puuD,1361120,ATG,12,out_of_frame,1,139.674,5,True,0.0,False,CATGGAAAATATA,0.2
342,b1299,puuR,1361911,GTG,4,out_of_frame,1,221.579,5,True,0.0,False,TAAGGAAATGCAA,0.0
343,b1307,pspD,1369393,CTG,-14,out_of_frame,1,24.6775,2,True,0.0,False,TAGGGTAGCCGTT,0.1
344,b1309,ycjM,1370216,GTG,40,out_of_frame,1,39.417,4,True,0.0,False,CCTGGACGAAATC,0.1
345,b1309,ycjM,1370216,ATG,133,in_frame,1,17.5555,3,True,0.0,False,ACACAGCGACGTA,1.0
346,b1310,ycjN,1371909,ATC,-5,out_of_frame,1,29.0919,2,True,0.0,False,TGTGGATTAAATA,0.0
347,b1311,ycjO,1373222,ATC,-7,in_frame,1,44.3903,3,True,0.0,False,AACCCAGGACAGG,0.1
348,b1316,ycjT,1377884,GTG,-10,out_of_frame,1,7.09122,1,False,0.0,False,TAGGGATCCGCAG,0.1
349,b1317,ycjU,1380148,ATC,-13,out_of_frame,1,12.9628,1,False,0.0,False,CTATAGGGTGGGA,0.2
350,b1322,ycjF,1385511,ATT,-6,out_of_frame,1,26.3332,2,True,0.0,False,GCTGGAATTTTTA,0.0
351,b1336,abgT,1401773,ATG,-6,out_of_frame,-1,96.5292,4,True,0.0,False,GCAACGCAAACAC,1.0
352,b1342,ydaN,1408050,ATG,-14,out_of_frame,1,26.4102,3,True,0.0,False,TAGGGACAAAATA,0.1
353,b1345,intR,1413235,ATG,74,out_of_frame,-1,23.1174,2,True,0.0,False,TTTCGAGGAAAAC,0.1
354,b1348,ralR,1413927,GTG,86,out_of_frame,-1,10.2825,3,True,0.0,False,TCAGGATATTACC,0.0
355,b1349,recT,1414793,GTG,55,out_of_frame,-1,7.403910000000001,3,True,0.0,False,ACTCAGGGAAACC,0.2
356,b1349,recT,1414793,GTG,84,out_of_frame,-1,8.50947,2,True,0.0,False,ACCAGCAGCAGTT,1.0
357,b1356,racR,1420241,ATT,-8,out_of_frame,-1,188.82,4,True,0.0,False,CGCATAGGAGAAT,0.1
358,b1357,ydaS,1420365,ATT,-5,out_of_frame,1,127.78399999999999,2,True,0.0,False,TATTTCTGTGTGT,0.0
359,b1361,ydaW,1422701,ATG,51,out_of_frame,1,452.44699999999995,4,True,0.0,False,CCGGGAGAAAAAT,0.1
360,b1365,ynaK,1425377,GTG,135,in_frame,1,5.14125,1,False,0.0,False,GCTGGACTAATCC,0.0
361,b1368,tmpR,1426454,ATG,58,out_of_frame,1,130.86,4,True,0.0,False,ACTGGAGCGAAAA,0.0
362,b1370,insH1,1428726,ATC,133,in_frame,-1,7.26887,3,True,0.0,False,CATCGAGCCGTTT,0.0
363,b1383,ydbL,1445880,ATG,52,out_of_frame,1,206.528,3,True,0.0,False,TGGGCTGGTAAGC,0.4
364,b1385,feaB,1447519,ATG,13,out_of_frame,1,405.603,5,True,0.0,False,TAAGGAAAAGTGA,0.2
365,b1388,paaA,1453927,ATG,73,out_of_frame,1,21.6855,5,True,0.0,False,ACAGGACTGGATG,0.0
366,b1389,paaB,1454868,ATT,-7,out_of_frame,1,157.623,1,False,0.0,False,TAAGGTCGCATAA,0.0
367,b1391,paaD,1455925,ATG,118,out_of_frame,1,11.6296,2,True,0.0,False,AGGCATGGTGCGT,0.2
368,b1397,paaJ,1460893,ATG,133,in_frame,1,7.7534600000000005,4,True,0.0,False,CTGCTGGTGCGAA,1.0
369,b1400,paaY,1464471,ATT,6,out_of_frame,1,18.8991,1,False,0.0,False,ACAGGAGGCGTTA,0.0
370,b1409,ynbB,1478226,GTG,97,in_frame,1,28.2231,1,False,0.0,False,ACCGGAGAGAAAA,0.3
371,b1413,hrpA,1483061,ATT,17,out_of_frame,1,15.8083,1,False,0.0,False,CTAACGTTATGAC,1.0
372,b1413,hrpA,1483061,CTG,60,out_of_frame,1,25.811999999999998,2,True,0.0,False,GCTGGATTCGCTG,0.0
373,b1421,trg,1492470,CTG,-20,out_of_frame,1,26.4102,2,True,0.0,False,TAGGGAGGAGTAA,0.1
374,b1428,ydcK,1500449,CTG,-15,out_of_frame,-1,5.93624,4,True,0.0,False,TATAGGGGTTATA,0.2
375,b1434,ydcN,1506172,ATG,127,in_frame,1,31.0462,3,True,0.0,False,TAGGGCAGATTGA,0.0
376,b1442,ydcU,1513831,ATG,6,out_of_frame,1,73.779,5,True,0.0,False,AGGAGAGGTGAAT,0.0
377,b1445,ydcX,1517389,CTG,114,out_of_frame,1,50.5186,5,True,0.0,False,ACGCATCCGTTTC,1.0
378,b1447,ydcZ,1518331,CTG,126,in_frame,-1,37.8671,2,True,0.0,False,TCTCATCGCCATG,1.0
379,b1450,mcbR,1520262,ATG,25,out_of_frame,1,42.7652,5,True,0.0,False,ACGGGAAAAATGA,0.0
380,b1450,mcbR,1520262,ATG,135,in_frame,1,23.8661,1,False,0.0,False,GGCGGAGCAATTA,0.1
381,b1455,yncH,1526940,GTG,43,out_of_frame,1,60.532,5,True,0.0,False,TATATCACTCTCC,1.0
382,b1455,yncH,1526940,ATG,132,in_frame,1,89.7705,4,True,0.0,False,ATCACAGGCATTC,0.2
383,b1459,yncI,1531325,TTG,41,out_of_frame,1,323.344,5,True,0.0,False,AAGGGATTAAAAA,0.0
384,b1464,yddE,1535858,ATG,25,out_of_frame,-1,9.328380000000001,4,True,0.0,False,ACCGCAGGTGTAC,0.1
385,b1467,narY,1538853,ATG,116,in_frame,-1,126.791,2,True,0.0,False,GAAGGCATGGAGT,0.1
386,b1468,narZ,1542590,ATG,-5,out_of_frame,-1,19.1856,1,False,0.0,False,CCTGGAGCAGGAG,0.2
387,b1471,yddK,1545714,ATT,66,out_of_frame,-1,5.45165,1,False,0.0,False,AACAATCACTTTA,1.0
388,b1472,yddL,1546028,ATT,5,out_of_frame,-1,10.661,2,True,0.0,False,AAAGGATTCTGTT,0.1
389,b1480,sra,1555963,ATT,-14,out_of_frame,-1,349.269,1,False,0.0,False,TAGGGTAAAACTA,0.3
390,b1483,ddpF,1558038,ATC,-21,out_of_frame,-1,7.63231,1,False,0.0,False,TAGGGCCTGTTGG,0.0
391,b1485,ddpC,1559910,ATC,-20,out_of_frame,-1,70.508,5,True,0.0,False,CTATAGGGTGATC,0.0
392,b1486,ddpB,1560929,ATG,-13,out_of_frame,-1,21.8277,4,True,0.0,False,TAGGGTCTTCAAT,0.0
393,b1491,yddW,1568823,CTG,72,out_of_frame,-1,11.2041,2,True,0.0,False,GATACTAGTTGCA,1.0
394,b1494,pqqL,1575202,ATT,9,out_of_frame,-1,126.90100000000001,3,True,0.0,False,TCGCCCGGTTTTC,0.1
395,b1496,yddA,1579342,GTG,93,out_of_frame,-1,26.2138,5,True,0.0,False,GCTGCGTAAGAAT,1.0
396,b1502,ydeQ,1587734,ATT,102,out_of_frame,-1,5.39204,1,False,0.0,False,ATGGCGGGTCAAG,0.1
397,b1503,ydeR,1588296,ATC,-13,out_of_frame,-1,11.9936,2,True,0.0,False,TAGGGACCCTTGA,0.0
398,b1505,ydeT,1590079,ATG,118,out_of_frame,-1,23.8661,4,True,0.0,False,ACCGGAGACACCA,0.0
399,b1506,yneL,1590426,GTG,126,in_frame,-1,57.1818,5,True,0.0,False,TTTAGAGCAATTC,0.1
400,b1512,lsrR,1601241,ATG,-7,out_of_frame,-1,139.474,5,True,0.0,False,GTTCAAAGTGAAG,0.0
401,b1512,lsrR,1601241,ATG,36,out_of_frame,-1,60.8427,2,True,0.0,False,CGATTCGGCAATT,1.0
402,b1517,lsrF,1606100,ATG,25,out_of_frame,1,29.4995,2,True,0.0,False,ATGGCAGATTTAG,1.0
403,b1524,glsB,1613251,ATG,12,out_of_frame,-1,7.800339999999999,2,True,0.0,False,CCAGGAGTAGAAA,0.1
404,b1527,yneK,1615763,ATT,99,out_of_frame,1,21.9828,2,True,0.0,False,TTTAAAGGATTTT,0.2
405,b1527,yneK,1615763,ATG,122,out_of_frame,1,92.1848,4,True,0.0,False,TTATTGATGCACT,1.0
406,b1537,ydeJ,1624773,TTG,31,out_of_frame,1,129.668,5,True,0.0,False,AATAGAGATAAAA,0.0
407,b1551,ynfN,1638109,CTG,37,out_of_frame,-1,9.4304,1,False,0.0,False,CCAAATGGCGAAA,1.0
408,b1551,ynfN,1638109,ATG,88,out_of_frame,-1,67.5886,3,True,0.0,False,ACCGGAGATCATA,0.0
409,b1554,rrrQ,1640057,ATG,117,in_frame,-1,250.291,5,True,0.0,False,AAAGAAGGTAACC,0.1
410,b1556,essQ,1640585,ATC,5,out_of_frame,-1,136.431,3,True,0.0,False,CATCGGGGTGAGG,0.0
411,b1560,ydfU,1644304,CTG,-11,out_of_frame,-1,48.338,5,True,0.0,False,ATAGGGGCACTTT,0.1
412,b1563,relE,1645633,ATG,41,out_of_frame,-1,7.403910000000001,1,False,0.0,False,CGAGCGGGCACTA,0.1
413,b1567,intK,1647356,ATG,-10,out_of_frame,-1,41.0691,5,True,0.0,False,TAGGGCGGCGCTA,0.1
414,b1567,intK,1647356,CTG,3,out_of_frame,-1,16.3015,2,True,0.0,False,TATGGAGGCTACC,0.0
415,b1567,intK,1647356,ATG,25,out_of_frame,-1,14.8343,2,True,0.0,False,ACTGGATGATGAA,0.0
416,b1570,dicA,1647934,ATT,13,out_of_frame,1,16.3086,3,True,0.0,False,TATGGAAACAAAA,0.1
417,b1575,dicB,1649609,ATG,131,in_frame,1,73.1733,1,False,0.0,False,ACGGGAGCTATTA,0.0
418,b1576,ydfD,1649794,TTG,55,out_of_frame,1,27.0856,3,True,0.0,False,TCCGGAGAGCCAG,0.0
419,b1579,intQ,1651551,ATG,52,out_of_frame,1,29.4155,5,True,0.0,False,AAAACTGGTGTTT,0.5
420,b1579,intQ,1651551,ATT,109,out_of_frame,1,15.7999,1,False,0.0,False,AAATTTGGTGAGG,0.0
421,b1583,ynfB,1655808,ATG,-7,out_of_frame,1,9.70513,3,True,0.0,False,GGACCTTTAATCA,1.0
422,b1583,ynfB,1655808,CTG,96,in_frame,1,10.2976,3,True,0.0,False,AACTGTTCATGCC,1.0
423,b1585,ynfC,1657457,CTG,-12,out_of_frame,-1,5.45165,1,False,0.0,False,AGGGGAGAATCAT,0.0
424,b1585,ynfC,1657457,GTG,49,out_of_frame,-1,5.45165,3,True,0.0,False,TTACTCGCGATAT,1.0
425,b1595,ynfL,1669592,CTG,120,in_frame,-1,9.11252,4,True,0.0,False,AAGTCAGCAGATT,0.1
426,b1603,pntA,1677903,ATC,-3,out_of_frame,-1,34.747,2,True,0.0,False,GATGGAAGGGAAT,0.1
427,b1608,rstA,1682159,ATG,25,out_of_frame,1,19.6259,5,True,0.0,False,CGTATTTGTGGAA,0.0
428,b1613,manA,1688576,ATT,-7,out_of_frame,1,15.2983,2,True,10.97406848,True,GGTTAATTTCCAC,1.0
429,b1617,uidA,1696071,CTG,80,in_frame,-1,29.0329,1,False,0.0,False,TTCAGTCTGGATC,0.1
430,b1618,uidR,1697052,ATG,12,out_of_frame,-1,26.1138,5,True,0.0,False,TATAATGGTTTAA,0.1
431,b1618,uidR,1697052,ATG,79,out_of_frame,-1,8.05293,1,False,0.0,False,GCCAGAGAGATTT,0.6
432,b1620,malI,1699180,ATC,-6,out_of_frame,-1,19.938,3,True,0.0,False,CAGGGAGTAGGTC,0.2
433,b1621,malX,1699355,ATG,133,in_frame,1,20.2809,2,True,0.0,False,GGCATTGGTAGTT,0.1
434,b1622,malY,1700957,ATG,38,out_of_frame,1,85.7213,4,True,0.0,False,AAGGTCGTGGATC,0.4
435,b1624,ydgJ,1704308,ATT,27,out_of_frame,-1,26.8048,2,True,0.0,False,AACATCCGTGTTG,0.0
436,b1627,rsxA,1705767,CTG,102,out_of_frame,1,11.509,5,True,0.0,False,TATGGGGGTTTCC,0.2
437,b1648,ydhL,1725920,ATC,-21,out_of_frame,-1,48.8226,1,False,0.0,False,TAGGGATGGTAAT,0.0
438,b1649,nemR,1726023,ATG,19,out_of_frame,1,32.217,5,True,0.0,False,CAACGCATGAACA,1.0
439,b1657,ydhP,1737290,GTG,-13,out_of_frame,-1,30.2205,2,True,0.0,False,TAGGGCGTAATGA,0.1
440,b1658,purR,1737844,ATG,16,out_of_frame,1,22.6967,2,True,26.82550073,True,AATGGAATGGCAA,0.3
441,b1659,ydhB,1739798,ATG,31,out_of_frame,-1,121.64200000000001,3,True,0.0,False,TCAGAATATTCAC,1.0
442,b1663,mdtK,1743457,GTG,-8,out_of_frame,1,83.1091,2,True,21.74491347,True,GGGCTCATATAAC,1.0
443,b1667,ydhR,1746700,ATC,-6,out_of_frame,1,36.8744,2,True,235.33280180000003,True,GTTCGTATGCGTT,1.0
444,b1669,ydhT,1749559,ATG,106,in_frame,-1,22.3575,4,True,0.0,False,GGCGGTAGTTATG,1.0
445,b1669,ydhT,1749559,CTG,134,in_frame,-1,18.8991,5,True,0.0,False,TGAGGAAGGATAT,0.0
446,b1671,ydhX,1751013,ATG,114,out_of_frame,-1,31.983,5,True,0.0,False,AAAGGAAGTTCGG,0.1
447,b1672,ydhW,1751724,ATG,9,out_of_frame,-1,169.217,4,True,0.0,False,TAAGGAATGGGTA,0.1
448,b1676,pykF,1755698,ATG,54,out_of_frame,1,16.7353,2,True,0.0,False,CGGACCGAAAACC,1.0
449,b1685,ydiH,1765122,TTG,106,out_of_frame,-1,29.3155,5,True,0.0,False,CTCAAACGTCTGA,1.0
450,b1687,ydiJ,1768685,ATG,103,in_frame,-1,25.6135,4,True,0.0,False,TTTACCGGCGATA,1.0
451,b1688,ydiK,1769074,ATT,69,in_frame,1,46.3996,1,False,0.0,False,TTCGGTGCTGTTT,1.0
452,b1694,ydiF,1775587,CTG,7,out_of_frame,1,6.541980000000001,2,True,0.0,False,TCAGGAATTAACA,0.1
453,b1694,ydiF,1775587,GTG,36,out_of_frame,1,5.827780000000001,1,False,0.0,False,AAAACCACCTCGT,1.0
454,b1698,ydiR,1780401,ATT,8,out_of_frame,1,281.426,5,True,0.0,False,TACGGAGAAGAAA,0.3
455,b1702,ppsA,1787112,ATG,58,out_of_frame,-1,64.9532,4,True,0.0,False,TGGTATAACCAAC,1.0
456,b1711,btuC,1795152,TTG,92,out_of_frame,-1,7.37487,2,True,0.0,False,TGCTGCTGGCGCT,1.0
457,b1713,pheT,1797944,CTG,15,out_of_frame,-1,32.5296,1,False,0.0,False,GGAATAGATTATG,1.0
458,b1715,pheM,1799270,ATC,45,out_of_frame,-1,15.9915,5,True,0.0,False,CTTCTTTTTTTAC,1.0
459,b1717,rpmI,1799999,ATT,9,out_of_frame,-1,50.6398,3,True,0.0,False,AGTGGAAGTTATT,0.4
460,b1718,infC,1800638,ATT,-16,out_of_frame,-1,45.5516,5,True,0.0,False,TAGGGCGCAGTCT,0.1
461,b1737,chbC,1821214,ATT,-8,out_of_frame,-1,32.8538,3,True,0.0,False,AATTGCGGTTTTT,0.0
462,b1738,chbB,1821619,ATG,-14,out_of_frame,-1,27.864,1,False,0.0,False,CTATAGGGTGACA,0.0
463,b1741,cho,1823515,ATT,-14,out_of_frame,1,12.7205,4,True,0.0,False,CTATAGGGTGGAT,0.1
464,b1746,astD,1829734,ATG,8,out_of_frame,-1,92.6489,5,True,0.0,False,AGAGGAGAAAACA,0.0
465,b1752,ydjZ,1834808,ATG,6,out_of_frame,1,14.1824,2,True,0.0,False,CCAGGATAAAGGA,0.2
466,b1759,nudG,1841490,ATT,9,out_of_frame,1,14.1743,4,True,0.0,False,TGCCCGTGTGTAA,0.7
467,b1762,ynjI,1844871,ATG,-5,out_of_frame,-1,92.7932,2,True,0.0,False,CCTCTAAAGTATG,1.0
468,b1763,topB,1846960,ATT,-13,out_of_frame,-1,13.9867,4,True,0.0,False,TATAGGGGTCGTG,0.1
469,b1766,sppA,1848837,ATT,120,out_of_frame,1,43.3871,1,False,0.0,False,CTGGTTGGTGTGG,0.2
470,b1767,ansA,1850860,ATG,48,out_of_frame,1,8.025360000000001,3,True,0.0,False,GCGGGACCATCGG,0.0
471,b1768,pncA,1851887,CTG,113,out_of_frame,1,19.0202,4,True,0.0,False,TAACCGCCTGATT,0.0
472,b1769,ydjE,1853979,ATC,-14,out_of_frame,-1,22.8873,2,True,0.0,False,ATAGGGGCTACCT,0.3
473,b1770,ydjF,1854854,ATG,133,in_frame,-1,14.7497,1,False,0.0,False,TCTTGAGAAGCTG,0.1
474,b1771,ydjG,1855971,ATG,-10,out_of_frame,-1,145.22799999999998,2,True,0.0,False,TAGGGCTGGAAGA,0.5
475,b1772,ydjH,1856928,ATG,136,in_frame,-1,19.2625,1,False,0.0,False,ACCGGGGGTGATG,0.0
476,b1776,ydjL,1861332,ATG,82,out_of_frame,-1,148.72,3,True,0.0,False,CCCATGTGTGGCC,0.2
477,b1778,msrB,1862429,ATG,-10,out_of_frame,-1,37.3681,3,True,0.0,False,TAGGGGTGAGCAC,0.2
478,b1780,yeaD,1863850,CTG,-7,out_of_frame,1,96.5551,3,True,0.0,False,GGCCTGATAAAAT,1.0
479,b1784,yeaH,1868955,CTG,5,out_of_frame,1,77.8803,4,True,0.0,False,ACGGGGGGCATAT,0.4
480,b1789,yeaL,1874352,TTG,15,out_of_frame,1,12.9628,1,False,0.0,False,ACGATGTTTGATG,0.4
481,b1790,yeaM,1875576,TTG,12,out_of_frame,-1,36.2395,3,True,0.0,False,TTCGGACAAAATG,0.0
482,b1797,yeaR,1879948,ATT,-22,out_of_frame,-1,28.712,1,False,0.0,False,TAGGGTTCAGCGC,0.0
483,b1807,tsaB,1891267,GTG,94,out_of_frame,-1,18.4332,3,True,0.0,False,TTTTGAGCTTTGC,0.0
484,b1808,yoaA,1893235,ATC,-16,out_of_frame,-1,17.4453,5,True,0.0,False,TAGGGTAATCCCT,0.2
485,b1813,nudL,1896170,CTG,-15,out_of_frame,1,9.93412,1,False,0.0,False,TAGGGCGTATCCT,0.1
486,b1822,rlmA,1907060,CTG,-14,out_of_frame,-1,6.90543,2,True,0.0,False,CTATAGGGTGCGG,0.0
487,b1831,proQ,1915534,TTG,18,out_of_frame,-1,40.6215,5,True,0.0,False,CATGGAAAATCAA,0.2
488,b1831,proQ,1915534,GTG,133,in_frame,-1,14.6589,1,False,0.0,False,TCAGGATTTGGTC,0.1
489,b1837,yebW,1922121,CTG,30,out_of_frame,1,5.5099,1,False,0.0,False,CGCGCTGGTACTT,0.0
490,b1839,yebY,1923706,ATG,107,out_of_frame,-1,103.311,4,True,0.0,False,GAAGTGGGTAAAG,0.1
491,b1843,yobB,1925440,ATT,-3,out_of_frame,1,40.6885,1,False,0.0,False,TGAAAAGGAAGTC,0.4
492,b1844,exoX,1926120,TTG,33,out_of_frame,1,6.78428,1,False,0.0,False,CATTATCGATACA,1.0
493,b1846,yebE,1929707,ATT,-14,out_of_frame,-1,184.145,5,True,0.0,False,ATAGGGGGCACTA,0.1
494,b1848,yebG,1930747,ATG,48,out_of_frame,-1,47.7322,2,True,0.0,False,TGAGGGCGAAGAG,0.1
495,b1849,purT,1930881,GTG,78,out_of_frame,1,73.536,4,True,0.0,False,GGCTCCGGTGAAC,0.0
496,b1850,eda,1932756,CTG,8,out_of_frame,-1,60.4319,2,True,0.0,False,GAAAACTCTGATG,0.1
497,b1856,mepM,1941635,GTG,-8,out_of_frame,-1,577.575,3,True,0.0,False,AAAGGAGATTAAT,0.0
498,b1859,znuB,1943414,ATC,-7,out_of_frame,1,23.0729,1,False,0.0,False,CGTCGGGGAAATG,0.0
499,b1860,ruvB,1945356,ATG,-12,out_of_frame,-1,32.1042,3,True,0.0,False,TAGGGAGCCCTAC,0.0
500,b1866,aspS,1950522,ATC,-5,out_of_frame,-1,10.1571,3,True,0.0,False,TCCGCCGGCAGCT,1.0
501,b1877,yecT,1961972,ATG,124,out_of_frame,1,42.7226,5,True,0.0,False,GATTGTTGGCAAA,1.0
502,b1884,cheR,1969364,ATC,99,out_of_frame,-1,5.08821,1,False,0.0,False,GGCGGATAAGTCA,0.1
503,b1885,tap,1970984,CTG,-16,out_of_frame,-1,25.1987,5,True,0.0,False,ATAGGGGCGGTCA,0.2
504,b1887,cheW,1973339,ATG,9,out_of_frame,-1,61.1323,5,True,0.0,False,TAAAAAGGTAACA,0.1
505,b1887,cheW,1973339,ATG,16,out_of_frame,-1,44.3903,3,True,0.0,False,ATGACCGGTATGA,0.1
506,b1888,cheA,1975324,ATG,6,out_of_frame,-1,23.0181,1,False,0.0,False,AACCGAGGTGACA,0.0
507,b1890,motA,1977139,ATG,-8,out_of_frame,-1,124.26799999999999,3,True,0.0,False,GGGTGTCATGGTC,0.5
508,b1892,flhD,1978197,GTG,-9,out_of_frame,-1,38.3574,2,True,0.0,False,AATAAAGTTGGTT,0.1
509,b1896,otsA,1981612,ATG,-6,out_of_frame,-1,69.2103,1,False,0.0,False,AAAAGAGAAAATA,0.0
510,b1900,araG,1985069,ATG,124,out_of_frame,-1,458.51800000000003,2,True,0.0,False,TTGATGGGTGAAA,0.0
511,b1904,yecR,1988222,CTG,-7,out_of_frame,1,6.019019999999999,1,False,0.0,False,GGAGTGCTTTCTC,1.0
512,b1908,yecA,1991619,GTG,25,out_of_frame,-1,9.81297,1,False,0.0,False,ACGGGACCGTTAA,0.1
513,b1912,pgsA,1992817,GTG,37,out_of_frame,-1,5.14125,1,False,0.0,False,ATCCCTACGTTGC,1.0
514,b1913,uvrC,1994706,ATC,-9,out_of_frame,-1,5.67298,1,False,0.0,False,AGGGTCTGTGTAA,0.4
515,b1921,fliZ,2001024,GTG,129,in_frame,-1,16.5523,3,True,0.0,False,TACCTTAGTTCGC,1.0
516,b1923,fliC,2003606,ATC,-3,out_of_frame,-1,18.4332,3,True,0.0,False,AATATAGGATAAC,0.3
517,b1928,yedD,2008090,GTG,133,in_frame,-1,7.0265699999999995,2,True,0.0,False,AAAGGGCCGCAAC,0.0
518,b1949,fliQ,2022616,ATG,24,out_of_frame,1,12.6092,4,True,0.0,False,ACCTGAATCGGTC,0.4
519,b1953,yodD,2024986,ATG,58,out_of_frame,1,9.9602,2,True,0.0,False,ACGTGAGGTCAGC,0.0
520,b1958,yedI,2029366,TTG,6,out_of_frame,-1,19.5103,2,True,0.0,False,ATGAGAGGGAATG,0.1
521,b1961,dcm,2032317,GTG,99,out_of_frame,-1,10.0553,4,True,0.0,False,CAAATTTATGATG,0.2
522,b1968,yedV,2038152,TTG,108,out_of_frame,-1,7.5167,2,True,0.0,False,TCTCTATAATGGC,1.0
523,b1971,yedY,2039478,ATG,31,out_of_frame,1,8.52695,2,True,0.0,False,AAGAATCAATTTT,1.0
524,b1978,yeeJ,2044938,ATG,34,out_of_frame,1,18.6568,1,False,0.0,False,AGTGGAGAAGAAA,0.1
525,b1985,yeeO,2059690,TTG,33,out_of_frame,-1,13.6897,5,True,0.0,False,AATTAAGGTCGGC,0.1
526,b1987,cbl,2060914,CTG,117,in_frame,-1,38.6462,5,True,0.0,False,AGGCGTCAGCCGT,1.0
527,b1988,nac,2061933,ATC,130,in_frame,-1,19.0727,4,True,0.0,False,CTGGAAGGTGAGT,0.0
528,b1990,ldtA,2063323,ATG,-3,out_of_frame,-1,21.840999999999998,1,False,0.0,False,ATAGGAAAGGGAC,0.4
529,b1990,ldtA,2063323,GTG,7,out_of_frame,-1,65.5822,3,True,0.0,False,AAGGGACATGATG,0.0
530,b1993,cobU,2065764,ATT,6,out_of_frame,-1,25.9601,4,True,0.0,False,TCAGGAGTCGGTA,0.0
531,b2012,yeeD,2084453,ATT,6,out_of_frame,-1,57.5452,5,True,0.0,False,AAGTAAGGTGTAA,0.1
532,b2013,yeeE,2085525,ATG,9,out_of_frame,-1,52.6278,5,True,0.0,False,TCTGGTTAATTAA,1.0
533,b2014,plaP,2087062,ATG,90,out_of_frame,-1,5.517440000000001,2,True,0.0,False,ATGATGGGTCTTG,0.1
534,b2015,yeeY,2088258,CTG,-16,out_of_frame,-1,6.646,3,True,0.0,False,ATAGGGGGACGCC,0.2
535,b2022,hisB,2093468,TTG,-3,out_of_frame,1,173.35,4,True,32.92220544,True,GCCTTACGTGCGG,0.0
536,b2026,hisI,2096614,ATC,-8,out_of_frame,1,5.67298,1,False,0.0,False,ACAGGGCGTGGAG,0.3
537,b2032,wbbK,2104509,ATG,100,out_of_frame,-1,10.5055,4,True,0.0,False,TTGGCAGCAACTA,1.0
538,b2033,wbbJ,2105084,ATG,58,out_of_frame,-1,13.919,2,True,0.0,False,TGTGGTTTTATTC,1.0
539,b2034,wbbI,2106057,ATG,37,out_of_frame,-1,21.322,5,True,0.0,False,AATGATTTAAATT,1.0
540,b2035,wbbH,2107226,ATG,-14,out_of_frame,-1,11.5496,4,True,0.0,False,TAGGGTCAAGTGA,0.2
541,b2035,wbbH,2107226,ATC,7,out_of_frame,-1,6.103219999999999,1,False,0.0,False,CGGATTAATGATC,0.0
542,b2036,glf,2108329,ATG,115,out_of_frame,-1,12.0794,3,True,0.0,False,CATATCGGTGGAA,0.0
543,b2037,wzxB,2109584,CTG,46,out_of_frame,-1,5.5099,1,False,0.0,False,TTAAGAAGAAACG,1.0
544,b2038,rfbC,2110138,ATT,-4,out_of_frame,-1,27.838,1,False,0.0,False,GACGAAGGATTCA,0.1
545,b2041,rfbB,2113061,ATG,88,out_of_frame,-1,17.5555,3,True,0.0,False,GCAGGATAGTGTT,0.0
546,b2044,wcaL,2117127,TTG,-22,out_of_frame,-1,7.14772,1,False,0.0,False,TATAGGGGTCTGT,0.1
547,b2048,cpsG,2122979,ATT,44,out_of_frame,-1,20.9586,1,False,0.0,False,AAAGCCTATGATA,0.0
548,b2058,wcaB,2132555,CTG,12,in_frame,-1,7.39002,2,True,0.0,False,GGGGGCGCTAAAG,0.2
549,b2068,alkA,2147540,CTG,9,out_of_frame,-1,70.0234,3,True,0.0,False,TAAGGAGATGCGA,0.0
550,b2070,yegI,2150985,GTG,34,out_of_frame,-1,16.1761,3,True,0.0,False,AATATAAAAGTAT,1.0
551,b2071,yegJ,2151185,ATG,88,out_of_frame,1,57.748000000000005,1,False,0.0,False,TACGTTAGTGACG,0.0
552,b2073,yegL,2153128,ATG,112,out_of_frame,-1,9.90523,5,True,0.0,False,ATGAACGGTAGAC,0.4
553,b2079,baeR,2164276,ATG,52,out_of_frame,1,12.1854,4,True,0.0,False,GCGTATTTTGATC,0.0
554,b2079,baeR,2164276,ATT,78,in_frame,1,6.78141,1,False,0.0,False,AGCTGGGGCAGTT,0.1
555,b2080,yegP,2165189,TTG,8,out_of_frame,1,10.8057,1,False,0.0,False,CAAGGAGTCATTA,0.0
556,b2080,yegP,2165189,GTG,31,out_of_frame,1,13.5686,5,True,0.0,False,GGTTGGTTTGAAC,1.0
557,b2082,ogrK,2167520,GTG,-9,out_of_frame,-1,26.8048,2,True,0.0,False,AGGGCCATCAACA,1.0
558,b2083,yegZ,2167814,ATT,124,in_frame,-1,7.90417,3,True,0.0,False,CACTAAGGTGACA,0.0
559,b2096,gatY,2177204,ATG,-6,out_of_frame,-1,14.3045,4,True,0.0,False,GGAAATCGAAAAC,1.0
560,b2102,yegX,2183651,ATG,-9,out_of_frame,-1,17.5555,1,False,0.0,False,AGGGCTTTGGCAC,1.0
561,b2103,thiD,2184516,TTG,-20,out_of_frame,-1,46.8842,4,True,0.0,False,ATAGGGGCTCTGG,0.1
562,b2107,rcnB,2186960,ATG,109,out_of_frame,1,33.0594,3,True,46.334955799999996,True,TCGGGAATTTCTA,0.0
563,b2109,yehB,2190910,CTG,-6,out_of_frame,-1,14.546,2,True,0.0,False,GAGTGACAAAATT,1.0
564,b2109,yehB,2190910,ATG,105,out_of_frame,-1,19.1414,4,True,0.0,False,CCATTTTATGATA,0.1
565,b2110,yehC,2191645,ATG,45,out_of_frame,-1,13.2051,5,True,0.0,False,TTAAGAGGCATTA,0.0
566,b2121,yehP,2207967,CTG,-14,out_of_frame,1,5.67298,2,True,0.0,False,CTATAGGGTGGCA,0.0
567,b2125,yehT,2212962,GTG,108,out_of_frame,-1,101.40100000000001,3,True,0.0,False,GTTGGAGAGTGTT,0.1
568,b2129,yehX,2217407,GTG,90,out_of_frame,-1,15.7492,4,True,0.0,False,AAGGGAGTTTTTC,0.3
569,b2133,dld,2222185,GTG,-7,out_of_frame,1,14.0444,1,False,0.0,False,GGATATTTTTTCG,1.0
570,b2133,dld,2222185,TTG,46,in_frame,1,9.69183,1,False,0.0,False,GATAATAAAGCCT,1.0
571,b2137,yohF,2227270,GTG,-12,out_of_frame,-1,19.7136,1,False,0.0,False,TAGGGACGTTTAT,0.0
572,b2140,dusC,2230385,ATG,21,out_of_frame,-1,27.2583,3,True,0.0,False,GATATGCGTGTGT,0.1
573,b2147,preA,2235265,TTG,-6,out_of_frame,1,199.831,2,True,0.0,False,GGATTCATCACTA,1.0
574,b2149,mglA,2239289,ATG,132,in_frame,-1,7.63231,4,True,0.0,False,CCGGCCACATTCT,1.0
575,b2166,psuK,2259296,ATT,13,out_of_frame,-1,170.595,4,True,0.0,False,AGAGGACGTGCTA,0.0
576,b2173,yeiR,2267829,TTG,115,in_frame,1,7.658519999999999,2,True,0.0,False,GGCGGTACTGGTT,0.1
577,b2173,yeiR,2267829,ATG,133,in_frame,1,11.1456,5,True,0.0,False,TGGGGAAGTCGGA,0.0
578,b2177,yejA,2272364,TTG,-6,out_of_frame,1,45.3507,4,True,0.0,False,GTAAAAGGAAATC,0.2
579,b2179,yejE,2275273,GTG,107,out_of_frame,1,7.26887,2,True,0.0,False,GTCTTGTTTGGTT,0.1
580,b2181,yejG,2278237,GTG,-25,out_of_frame,-1,12.2064,5,True,0.0,False,CTATAGGGGTGAA,0.2
581,b2183,rsuA,2280483,ATC,-9,out_of_frame,-1,15.7083,5,True,0.0,False,AGGGACCTCCGTT,1.0
582,b2202,napC,2298259,CTG,27,out_of_frame,-1,8.65129,2,True,0.0,False,GGGAAATTCTGAC,1.0
583,b2205,napG,2300260,CTG,-21,in_frame,-1,6.703539999999999,3,True,0.0,False,ATAGGGGCGGTCA,0.2
584,b2208,napF,2303497,ATG,-16,out_of_frame,-1,10.9033,2,True,0.0,False,TAGGGTTCAGAGC,0.1
585,b2208,napF,2303497,ATG,10,out_of_frame,-1,9.69183,3,True,0.0,False,ATGGAAGGTCAAT,0.0
586,b2219,atoS,2320043,ATT,-8,out_of_frame,1,5.39204,1,False,0.0,False,ACCGGACAAGACT,0.0
587,b2226,yfaQ,2329797,TTG,52,out_of_frame,-1,44.8247,5,True,0.0,False,GGCGTTGGTTACT,0.1
588,b2230,yfaA,2336644,ATG,-8,out_of_frame,-1,33.4808,3,True,0.0,False,GGGAATGGCTGGC,1.0
589,b2232,ubiG,2339567,ATG,4,out_of_frame,1,37.3135,1,False,5.69025773,True,TACGGAGTAGAAG,0.0
590,b2237,inaA,2349472,TTG,61,out_of_frame,-1,5.39204,1,False,0.0,False,AACAGAGGGCGAC,0.0
591,b2238,yfaH,2349651,ATG,36,out_of_frame,1,234.01,2,True,0.0,False,GGCGGATACAGCG,0.1
592,b2240,glpT,2352374,ATC,-4,out_of_frame,-1,27.7126,2,True,0.0,False,ACCACGGGCCACG,0.0
593,b2242,glpB,2354265,CTG,-19,out_of_frame,1,7.147589999999999,2,True,0.0,False,ATAGGGGATTGTG,0.0
594,b2247,rhmD,2361414,ATC,-3,out_of_frame,-1,11.7872,2,True,0.0,False,TACAAGCCTCATA,1.0
595,b2251,nudI,2364554,CTG,54,out_of_frame,1,12.4142,3,True,0.0,False,AATGATGGTGCTT,0.0
596,b2254,arnC,2367071,TTG,108,out_of_frame,1,15.6007,2,True,0.0,False,ACAGCCTGTGAAT,0.0
597,b2254,arnC,2367071,ATC,126,out_of_frame,1,6.80359,3,True,0.0,False,TGGGGAAAGAGTA,0.1
598,b2258,arnF,2372892,ATC,-20,out_of_frame,1,5.08821,1,False,0.0,False,TAGGGCGGCATTG,0.2
599,b2274,yfbO,2388635,ATG,125,in_frame,1,12.7904,2,True,0.0,False,AATATCCATGGTT,0.0
600,b2274,yfbO,2388635,ATG,133,in_frame,1,56.9299,3,True,0.0,False,AATATCCATGGTT,0.2
601,b2282,nuoH,2397442,TTG,-25,out_of_frame,-1,20.8374,1,False,0.0,False,CTATAGGGGCATC,0.3
602,b2283,nuoG,2400165,ATT,9,out_of_frame,-1,11.5365,1,False,0.0,False,ACTGGAAGCATGC,0.0
603,b2288,nuoA,2405072,ATG,6,out_of_frame,-1,12.6067,5,True,0.0,False,TGATGAGTAAGCA,0.1
604,b2292,yfbS,2411352,GTG,7,out_of_frame,-1,99.2841,4,True,0.0,False,CAAGGATAAGTTG,0.0
605,b2293,yfbT,2412089,CTG,-14,out_of_frame,-1,6.39521,3,True,0.0,False,TAGGGATCAAATT,0.2
606,b2298,yfcC,2417081,GTG,135,in_frame,1,10.2114,2,True,0.0,False,TGGGGATGTTTGA,0.0
607,b2299,yfcD,2419176,ATG,46,out_of_frame,-1,18.5429,4,True,0.0,False,TGAATGGGTGGAT,0.0
608,b2304,yfcH,2421708,ATC,-13,out_of_frame,1,14.6589,5,True,0.0,False,ATAGGGGCAGCGT,0.0
609,b2304,yfcH,2421708,GTG,9,out_of_frame,1,11.6556,3,True,48.36719071,True,TCGGGAGGCTGCA,0.0
610,b2307,hisM,2425233,CTG,23,out_of_frame,-1,32.1058,4,True,0.0,False,CTGTGATCGAAAT,1.0
611,b2322,yfcJ,2440120,ATT,-15,out_of_frame,-1,13.932,4,True,0.0,False,TAGGGCTCGCCTT,0.2
612,b2325,yfcL,2444169,ATG,-13,out_of_frame,-1,14.9012,1,False,0.0,False,TAGGGCAGCGCCA,0.1
613,b2329,aroC,2447473,ATT,15,out_of_frame,-1,21.4432,3,True,0.0,False,CGGAGCCGTGATG,0.2
614,b2341,fadJ,2459159,CTG,-14,out_of_frame,-1,5.76823,1,False,0.0,False,CTATAGGGTGGCG,0.0
615,b2349,intS,2466545,ATT,18,out_of_frame,1,7.147589999999999,3,True,0.0,False,TTTACCCATGCTC,1.0
616,b2355,yfdL,2472122,TTG,63,out_of_frame,-1,9.60507,2,True,0.0,False,TCTGGATGATGAC,0.6
617,b2355,yfdL,2472122,GTG,87,out_of_frame,-1,25.8316,3,True,0.0,False,GCAGGAGGAGCTT,0.0
618,b2356,yfdM,2472387,GTG,66,out_of_frame,-1,23.5027,1,False,0.0,False,CAAACCAGCCCAT,1.0
619,b2357,yfdN,2472881,ATG,6,out_of_frame,-1,6.1456599999999995,4,True,0.0,False,TCAGGGGGTGAGC,0.0
620,b2357,yfdN,2472881,TTG,70,in_frame,-1,8.15889,3,True,0.0,False,CATCCGGGCTGTA,0.0
621,b2363,yfdT,2475873,ATG,127,out_of_frame,1,7.147589999999999,2,True,0.0,False,TCTGGAAGTAGAG,0.0
622,b2365,dsdX,2477847,GTG,-7,out_of_frame,1,7.899960000000001,2,True,0.0,False,GCATCAGGTTAAT,0.2
623,b2366,dsdA,2479202,ATG,15,out_of_frame,1,50.6398,5,True,0.0,False,TATGGAAAACGCT,0.1
624,b2368,emrK,2483339,ATG,123,in_frame,-1,79.9576,5,True,0.0,False,AATGGAATTAGAA,0.0
625,b2374,frc,2493254,TTG,121,in_frame,-1,14.3045,4,True,0.0,False,GTTATTAAAATTG,1.0
626,b2376,ypdI,2494698,GTG,82,out_of_frame,1,5.8151,3,True,0.0,False,AATGTTTTTGCAT,1.0
627,b2378,lpxP,2495645,ATG,11,in_frame,1,17.009,5,True,0.0,False,ACAGAAGGTAACT,0.0
628,b2381,ypdB,2500383,CTG,50,out_of_frame,1,13.033,4,True,0.0,False,ACAACAGGAACTG,0.2
629,b2381,ypdB,2500383,ATT,57,out_of_frame,1,21.1919,3,True,0.0,False,ACAGGAACTGAGC,0.3
630,b2382,ypdC,2501130,ATC,-13,out_of_frame,1,7.50396,1,False,0.0,False,TAGGGCAGTTAAT,0.1
631,b2388,glk,2509426,TTG,-7,out_of_frame,-1,22.9932,2,True,0.0,False,GGTTATTTTGACT,1.0
632,b2395,yfeA,2517832,CTG,18,out_of_frame,-1,8.15076,3,True,0.0,False,TGTGGAGCATAAC,0.0
633,b2398,yfeC,2518467,ATG,10,out_of_frame,1,56.2297,5,True,11.78696244,True,CAAGGAGAGGATG,0.0
634,b2399,yfeD,2518813,ATG,21,out_of_frame,1,5.70301,2,True,0.0,False,ATATGAAAAGATT,0.2
635,b2408,yfeN,2525127,ATG,61,in_frame,1,9.53636,4,True,0.0,False,ATATTAGCGATAC,1.0
636,b2409,yfeR,2526856,GTG,64,out_of_frame,-1,11.6556,3,True,0.0,False,GCAGGAGAAAAGT,0.0
637,b2419,yfeK,2537342,TTG,130,in_frame,1,28.5909,2,True,0.0,False,AAAGGATTTGATA,0.0
638,b2430,yfeW,2548102,ATC,-3,out_of_frame,1,7.52378,2,True,0.0,False,TGCCGTAACGTCA,1.0
639,b2430,yfeW,2548102,ATG,12,out_of_frame,1,9.304910000000001,4,True,0.0,False,CTGGACTGATATC,1.0
640,b2434,ypeA,2552138,ATG,111,out_of_frame,-1,15.1435,5,True,0.0,False,TCCGGAAATGGAC,0.0
641,b2441,eutB,2558679,ATG,28,out_of_frame,-1,17.4453,1,False,0.0,False,AAACTAAAGACCA,1.0
642,b2441,eutB,2558679,ATG,46,out_of_frame,-1,25.3199,5,True,0.0,False,TTCGGCAATGTAT,1.0
643,b2443,yffL,2560257,ATG,114,out_of_frame,1,11.2041,2,True,14.02242083,True,AAAGGAGAATTTC,0.0
644,b2446,yffO,2562111,ATT,-12,out_of_frame,1,7.26887,2,True,0.0,False,TAGGGCGGTATTT,0.2
645,b2458,eutD,2573505,CTG,-14,out_of_frame,-1,17.8087,4,True,0.0,False,ATAGGGGCAGATC,0.2
646,b2461,eutP,2575457,ATG,109,out_of_frame,-1,6.9494,2,True,0.0,False,ACAGGCCGTGGAA,0.0
647,b2461,eutP,2575457,ATT,123,out_of_frame,-1,5.53115,1,False,0.0,False,CGTGGAATTTAAT,0.0
648,b2461,eutP,2575457,GTG,136,in_frame,-1,7.39838,3,True,0.0,False,TAAGGGCGATATT,0.0
649,b2480,bcp,2600478,ATC,4,out_of_frame,1,71.3561,1,False,34.95444034,True,GATGGAGTTAAGT,0.2
650,b2484,hyfD,2604811,CTG,-22,out_of_frame,1,23.9873,1,False,0.0,False,TAGGGTAACCGGT,0.3
651,b2488,hyfH,2610164,CTG,66,out_of_frame,1,20.5951,2,True,0.0,False,GACGGTGAAATAT,1.0
652,b2489,hyfI,2610706,ATG,63,out_of_frame,1,22.4118,2,True,0.0,False,GCTGGACGAGCAA,0.0
653,b2491,hyfR,2611900,ATG,6,out_of_frame,1,119.573,1,False,0.0,False,TAAGGACTGTTGA,0.0
654,b4406,yaeP,214125,CTG,-15,out_of_frame,-1,71.8407,5,True,0.0,False,ATAGGGGGTTAAG,0.0
655,b4412,hokC,16903,CTG,106,in_frame,-1,40.5845,4,True,0.0,False,CTGTGAGGTTCAC,0.0
656,b4492,ydbA,1465392,ATT,-7,out_of_frame,1,21.9336,4,True,0.0,False,GGCTTTCTTTATA,1.0
657,b4492,ydbA,1469241,ATT,37,out_of_frame,1,103.53200000000001,2,True,0.0,False,GATTCCGGTGCGA,0.0
658,b4492,ydbA,1469241,ATG,84,out_of_frame,1,16.1059,1,False,0.0,False,GATTCAATTGGTC,0.1
659,b4494,arpB,1803518,ATG,130,in_frame,1,11.0349,3,True,0.0,False,TACGCCCTTGATT,0.0
660,b4495,yedN,2011357,ATG,97,out_of_frame,-1,94.41,4,True,0.0,False,TTCCGATATGGTT,0.1
661,b4495,yedN,2012040,ATG,-11,out_of_frame,-1,60.0893,5,True,0.0,False,TAGGGTAATAAGA,0.1
662,b4495,yedN,2012351,GTG,-6,out_of_frame,-1,57.7225,2,True,0.0,False,GGGCAATATAATT,1.0
663,b4496,yedS,2034713,TTG,28,out_of_frame,1,50.8606,4,True,0.0,False,GATCGTTCAGATC,0.3
664,b4504,ykfH,264247,ATG,27,out_of_frame,-1,10.0053,5,True,0.0,False,GAAAATTATCAGT,1.0
665,b4506,ykgO,312514,ATG,79,out_of_frame,-1,401.24199999999996,5,True,0.0,False,AAAGGACGGCTAT,0.0
666,b4509,ylcG,573730,ATG,137,in_frame,1,169.486,5,True,0.0,False,ACAGGAGCAGGAG,0.1
667,b4511,ybdZ,613942,TTG,-6,out_of_frame,1,10.9205,1,False,0.0,False,GGCAACCACTTTT,1.0
668,b4519,icdC,1211413,ATG,51,out_of_frame,1,16.4269,2,True,0.0,False,GGCTGACCTGATT,0.2
669,b4520,ymgF,1218983,TTG,121,out_of_frame,1,10.2781,4,True,0.0,False,CTGGGAGAAGTGC,0.2
670,b4522,ymiA,1335124,GTG,10,out_of_frame,1,47.7948,4,True,0.0,False,CGTCTTGCTGATA,0.1
671,b4522,ymiA,1335124,ATG,24,out_of_frame,1,48.8226,2,True,7.11282216,True,CTGATAAGTGATG,0.3
672,b4522,ymiA,1335124,ATG,36,out_of_frame,1,35.254,2,True,0.0,False,ATATGAGGTTAGC,0.0
673,b4523,yciX,1335291,GTG,-14,out_of_frame,1,10.595999999999998,2,True,0.0,False,TAGGGACTGCTGA,0.0
674,b4523,yciX,1335291,ATT,32,out_of_frame,1,9.78091,2,True,0.0,False,TCAGGAGCAACTG,0.0
675,b4524,ycjV,1381777,ATC,57,out_of_frame,1,61.8327,5,True,0.0,False,CATGCAGGAGAAA,0.3
676,b4524,ycjV,1381777,ATT,117,in_frame,1,28.820999999999998,4,True,0.0,False,AACGGAAATAGCA,0.1
677,b4526,ydaE,1418008,TTG,46,out_of_frame,-1,8.48035,1,False,0.0,False,GCTTACCACCTTT,1.0
678,b4526,ydaE,1418008,ATT,121,in_frame,-1,22.8969,5,True,0.0,False,TTATCAAAAGACG,1.0
679,b4537,yecJ,1987758,ATG,88,out_of_frame,-1,57.5569,3,True,0.0,False,TCTGGATGTTCTC,0.4
680,b4537,yecJ,1987758,ATG,120,in_frame,-1,35.6188,5,True,0.0,False,GAAGTTCGTGAAA,0.0
681,b4538,yoeF,2078746,CTG,91,out_of_frame,1,15.6281,1,False,0.0,False,TGAAAAGTTGGTT,0.1
682,b4538,yoeF,2078746,GTG,105,out_of_frame,1,15.8083,5,True,0.0,False,GCTGGAGCGCACA,0.0
683,b4538,yoeF,2078746,ATG,133,in_frame,1,26.7737,5,True,0.0,False,GTAACCAGTGCAG,0.0
684,b4539,yoeB,2089465,ATC,23,out_of_frame,-1,6.17854,2,True,0.0,False,AACTAATCTGGTC,0.1
685,b4542,yohO,2215657,GTG,-7,out_of_frame,1,17.8063,1,False,38.40923968,True,GGCAATCCTTTCG,1.0
686,b4542,yohO,2215657,GTG,61,out_of_frame,1,14.8343,1,False,0.0,False,GCGTTAGGCGGAA,0.2
687,b4543,ypaA,2357804,ATG,12,out_of_frame,1,42.066,3,True,0.0,False,AAAGGAGAGATTA,0.1
688,b4543,ypaA,2357804,ATT,18,out_of_frame,1,59.5493,4,True,0.0,False,AAAGGAGAGATTA,0.0
689,b4570,lomR,1427389,ATG,7,out_of_frame,1,14.8343,4,True,0.0,False,GCAGGGCGGCCAT,0.2
690,b4571,wbbL,2103389,ATG,31,out_of_frame,-1,28.820999999999998,4,True,0.0,False,TATATAATAATCG,1.0
691,b4572,ylbE,548357,ATC,8,out_of_frame,1,16.355,5,True,0.0,False,TAAGGGGTTCCCA,0.1
692,b4578,insP,1503649,TTG,109,in_frame,-1,11.5365,3,True,0.0,False,CCGACGCCAGATT,0.8
693,b4578,insP,1503649,ATG,115,in_frame,-1,11.1059,2,True,0.0,False,CCGACGCCAGATT,0.6
694,b4579,yaiX,381260,ATG,40,out_of_frame,-1,27.6217,5,True,0.0,False,ATTCGTCCTGGCA,1.0
695,b4579,yaiX,381260,ATG,76,out_of_frame,-1,10.7822,4,True,0.0,False,CACCGAGATTAAA,0.0
696,b4579,yaiX,382872,ATC,121,out_of_frame,-1,12.9158,3,True,0.0,False,ACAGGAACTGAAA,0.0
697,b4580,yaiT,390251,ATG,-7,out_of_frame,1,114.61200000000001,3,True,0.0,False,GGACTTATTACGT,1.0
698,b4580,yaiT,390251,TTG,127,out_of_frame,1,168.68900000000002,5,True,0.0,False,TATATCGATAATC,1.0
699,b4590,ybfK,720583,ATG,52,out_of_frame,1,11.2857,3,True,0.0,False,CAAGGGTTAACAG,0.0
700,b4593,ymgI,1223163,ATT,123,in_frame,-1,14.78,1,False,0.0,False,AGTTAAGCAGATC,0.0
701,b4594,ymgJ,1223264,ATT,-8,out_of_frame,1,62.1191,2,True,0.0,False,GGGGATTTATCAA,1.0
702,b4598,yncL,1517194,ATG,95,out_of_frame,-1,46.7631,5,True,0.0,False,GATTTGGCTGGTT,0.1
703,b4599,yneM,1622646,ATG,95,out_of_frame,1,529.798,4,True,605.4027778,True,CAAATGGGATGAC,0.1
704,b4600,ydfJ,1632285,GTG,106,in_frame,-1,35.7084,3,True,0.0,False,ATGGGAACCTACG,0.0
705,b4600,ydfJ,1652838,ATT,34,out_of_frame,-1,42.831,2,True,0.0,False,GAAAAACACGAAA,1.0
706,b4600,ydfJ,1652838,ATG,100,out_of_frame,-1,42.2637,2,True,0.0,False,TATGGATTTCAAG,0.0
707,b4626,ykfN,263212,GTG,126,in_frame,-1,33.0734,1,False,0.0,False,AGCCAAGGATGTA,0.2
708,b4627,ykfL,266774,CTG,90,out_of_frame,-1,9.328380000000001,1,False,0.0,False,CCTGACCCTTGCC,1.0
709,b4630,ykgP,313805,ATG,128,in_frame,-1,28.9322,2,True,0.0,False,TCCCGAGAGTAAA,0.2
710,b4636,ybfI,716870,ATT,126,out_of_frame,-1,17.9317,3,True,0.0,False,TCGCCATTTTATT,1.0
711,b4639,yeeH,2066154,TTG,36,out_of_frame,-1,6.05739,2,True,0.0,False,TCCGGATAATTCT,0.2
712,b4640,yoeG,2067458,GTG,93,out_of_frame,-1,32.5888,5,True,0.0,False,TACCGAGAGAGCG,0.1
713,b4640,yoeG,2067892,ATG,63,out_of_frame,-1,73.6579,5,True,0.0,False,TATTTGGGCCATT,0.3
714,b4640,yoeG,2067892,CTG,76,out_of_frame,-1,37.9335,3,True,0.0,False,CATGGAGTAGAAA,0.0
715,b4641,yoeH,2068419,ATG,102,out_of_frame,-1,281.048,5,True,0.0,False,CTTTGGCGTGGAT,0.1
716,b4659,yabP,58474,ATC,8,out_of_frame,1,56.3337,5,True,0.0,False,ATGCGAGGCTATT,0.0
717,b4662,sgrT,77388,CTG,96,out_of_frame,1,6.3575800000000005,2,True,0.0,False,ACAACGATTAACC,1.0
718,b4668,ibsB,2153737,ATC,18,out_of_frame,-1,34.118,5,True,0.0,False,AAGGGTCATGATG,0.4
719,b4674,ynbG,1465230,ATG,70,out_of_frame,-1,36.7078,5,True,0.0,False,CCACATTCTCATT,1.0
720,b4675,yoaJ,1878874,GTG,68,out_of_frame,1,12.0551,2,True,0.0,False,CACTGAGCTGGGA,0.2
721,b4675,yoaJ,1878874,CTG,104,out_of_frame,1,6.896789999999999,1,False,0.0,False,ACCTCTAAAAAAT,1.0
722,b4676,yoaK,1878773,GTG,-8,out_of_frame,1,157.999,3,True,0.0,False,CATCCTTTTGATT,0.1
723,b4688,ykgS,290429,GTG,-6,out_of_frame,1,17.0539,1,False,0.0,False,GGTGGAGGCAAAC,0.0
724,b4688,ykgS,290429,ATG,81,out_of_frame,1,19.1856,1,False,0.0,False,CAACCAGGTCGAG,0.1
725,b4688,ykgS,290429,ATT,115,in_frame,1,67.3582,4,True,0.0,False,CTTCTTTATGATT,0.1
726,b4689,rzoQ,1639334,ATG,-15,out_of_frame,-1,13.0412,3,True,0.0,False,ATAGGGGAACTAT,0.0
727,b4694,yagP,297719,TTG,82,out_of_frame,-1,133.47,5,True,0.0,False,ACGGGAGAACTTT,0.2
728,b4696,yneO,1594125,ATG,88,out_of_frame,-1,51.8513,5,True,0.0,False,GAAGGGGGGAAAC,0.2
729,b4708,insI1,279931,CTG,117,out_of_frame,1,12.4782,5,True,0.0,False,GACCGAGAAAGAC,0.0
